"EFF_DATE","DP_NAME","AMENDMENT_NO","ARTCC","DP_AMEND_EFF_DATE","RNAV_FLAG","DP_COMPUTER_CODE","GRAPHICAL_DP_TYPE","SERVED_ARPT"
"2026/05/14","ACCRA","FIVE","ZAU","2020/03/26","Y","ACCRA5.ACCRA","SID","57C BUU ENW ETB HXF MKE MWC RAC UES"
"2026/05/14","ACONY","THREE","ZSU","2019/01/03","Y","ACONY3.ACONY","SID","SJU"
"2026/05/14","ADAMM","THREE","ZLA","2020/01/30","N","ADAMM3.ADAMM","SID","VNY"
"2026/05/14","ADELL","EIGHT","ZAU","2026/02/19","Y","ADELL8.ADELL","SID","ARR DPA GYY LOT"
"2026/05/14","ADEXE","ONE","ZLC","2017/10/12","Y","ADEXE1.ADEXE","OBSTACLE","MAN"
"2026/05/14","ADIBE","ONE","ZLC","2024/07/11","Y","ADIBE1.ADIBE","OBSTACLE","U34"
"2026/05/14","ADYOS","THREE","ZAB","2015/06/25","Y","ADYOS3.ADYOS","SID","ABQ"
"2026/05/14","AEROZ","TWO","ZHU","2021/04/22","Y","AEROZ2.AEROZ","SID","3R9 AUS EDC GTU HYI RYW T74"
"2026/05/14","AFTON","FOUR","ZLC","2018/07/19","Y","AFTON4.GIGSE","OBSTACLE","AFO"
"2026/05/14","AGERS","ONE","ZMA","2022/05/19","Y","AGERS1.AGERS","SID","FLL"
"2026/05/14","AHABB","ONE","ZMA","2026/01/22","Y","AHABB1.AHABB","OBSTACLE","PBI"
"2026/05/14","AHEHU","THREE","ZLC","2016/03/31","Y","AHEHU3.AHEHU","SID","SMN"
"2026/05/14","AHMET","FIVE","ZOB","2025/11/27","Y","AHMET5.KKIDS","SID","BKL CGF LNN LPR"
"2026/05/14","AJOFY","ONE","ZAN","2021/12/02","Y","AJOFY1.AJOFY","OBSTACLE","CJX"
"2026/05/14","AKIAK","ONE","ZAN","2009/08/27","Y","AKIAK1.BET","OBSTACLE","AKI"
"2026/05/14","AKUMY","FIVE","ZAN","2023/08/10","Y","AKUMY5.AKUMY","OBSTACLE","AKP"
"2026/05/14","AKUNA","NINE","ZFW","2020/11/05","Y","AKUNA9.AKUNA","SID","DFW"
"2026/05/14","ALAMO","FIVE","ZHU","2025/08/07","N","ALAMO5.ALAMO","SID","SAT SSF"
"2026/05/14","ALBANY","SEVEN","ZBW","2018/07/19","N","ALB7.ALB","SID","ALB"
"2026/05/14","ALBUQUERQUE","THREE","ZAB","2017/10/12","N","ABQ3.ABQ","SID","ABQ"
"2026/05/14","ALCOS","SIX","ZDV","2016/07/21","N","ALCOS6.ALCOS","SID","CPR"
"2026/05/14","ALEXANDRIA","THREE","ZHU","2021/10/07","N","AEX3.AEX","SID","AXH CXO DWH EFD GLS HOU IAH IWS LBX SGR T41 TME"
"2026/05/14","ALIAN","TWO","ZFW","2016/02/04","Y","ALIAN2.ALIAN","SID","DFW"
"2026/05/14","ALICO","SEVEN","ZMA","2020/12/31","N","ALICO7.ALICO","SID","RSW"
"2026/05/14","ALISS","SEVEN","ZHU","2025/08/07","Y","ALISS7.ALISS","SID","5C1 BAZ CVB PEZ RND SAT SKF SSF"
"2026/05/14","ALKAL","ONE","ZLC","2022/05/19","Y","ALKAL1.ALKAL","OBSTACLE","U76"
"2026/05/14","ALLEGHENY","NINE","ZOB","2018/09/13","N","AGC9.AGC","SID","AGC"
"2026/05/14","ALMDN","FOUR","ZOA","2018/02/01","Y","ALMDN4.ALMDN","SID","SJC"
"2026/05/14","ALMON","ONE","ZAB","2010/07/29","Y","ALMON1.ALMON","OBSTACLE","RYN"
"2026/05/14","ALPIN","FIVE","ZLC","2026/03/19","N","ALPIN5.KICNE","SID","JAC"
"2026/05/14","ALPYN","ONE","ZOA","2022/11/03","Y","ALPYN1.ALPYN","SID","RNO"
"2026/05/14","ALTNN","TWO","ZMA","2024/03/21","Y","ALTNN2.ALTNN","SID","HST MIA OPF TMB X51"
"2026/05/14","AMEDEE","ONE","ZOA","2004/02/19","N","AHC1.AHC","OBSTACLE","SVE"
"2026/05/14","AMEEE","ONE","ZDC","2020/12/31","Y","AMEEE1.AMEEE","SID","DCA"
"2026/05/14","AMERY","FOUR","ZHN","2017/12/07","N","AMERY4.AMERY","SID","KOA"
"2026/05/14","ANAHEIM","TWO","ZLA","2026/05/14","N","ANAHM2.SLI","SID","FUL LGB SNA"
"2026/05/14","ANCHORAGE","ONE","ZAN","2024/07/11","N","ANCH1.ANCH","SID","ANC"
"2026/05/14","ANEKE","TWO","ZAB","2008/07/31","Y","ANEKE2.CELAV","OBSTACLE","AXX"
"2026/05/14","ANGIL","ONE","ZLC","2007/05/10","Y","ANGIL1.ANGIL","OBSTACLE","8S1"
"2026/05/14","ARCHZ","ONE","ZLC","2018/05/24","Y","ARCHZ1.ARCHZ","SID","SLC"
"2026/05/14","ARDIA","SEVEN","ZFW","2019/10/10","Y","ARDIA7.ARDIA","SID","DFW"
"2026/05/14","ARLINGTON","TWO","ZSE","2016/05/26","N","NOT ASSIGNED","SID","AWO"
"2026/05/14","ARSENAL","FIVE","ZDC","2016/07/21","N","ARSNL5.CSN","SID","HEF"
"2026/05/14","ASHEVILLE","SEVEN","ZTL","2021/02/25","N","AVL7.AVL","SID","AVL"
"2026/05/14","ASORT","THREE","ZAN","2026/01/22","N","ASORT3.ASORT","SID","JNU"
"2026/05/14","ASPEN","SEVEN","ZDV","2016/07/21","N","ASPE7.ASPE","SID","ASE"
"2026/05/14","ASTORIA","THREE","ZSE","2018/07/19","N","AST3.AST","OBSTACLE","AST"
"2026/05/14","ATASY","THREE","ZSE","2025/06/12","Y","ATASY3.ATASY","OBSTACLE","TDO"
"2026/05/14","ATKNN","FIVE","ZAB","2016/07/21","Y","ATKNN5.ATKNN","SID","ELP"
"2026/05/14","ATLANTA","TWO","ZTL","2024/01/25","N","ATL2.ATL","SID","ATL"
"2026/05/14","ATLANTIC CITY","THREE","ZDC","2025/08/07","N","ACY3.ACY","SID","ACY"
"2026/05/14","ATOMK","THREE","ZAB","2015/06/25","Y","ATOMK3.ATOMK","SID","ABQ"
"2026/05/14","AUSTIN","SEVEN","ZHU","2024/09/05","N","AUS7.CWK","SID","AUS"
"2026/05/14","AUTMN","SIX","ZME","2020/12/31","Y","AUTMN6.AUTMN","SID","MEM"
"2026/05/14","AVENAL","ONE","ZOA","2023/10/05","N","AVE1.AVE","OBSTACLE","C80"
"2026/05/14","AVILA","FOUR","ZLA","2020/01/30","N","AVILA4.AVILA","SID","SBP"
"2026/05/14","AXLES","ONE","ZLC","2026/03/19","Y","AXLES1.AXLES","OBSTACLE","S69"
"2026/05/14","AZALA","FOUR","ZTL","2018/07/19","Y","AZALA4.AZALA","SID","DNL HQU"
"2026/05/14","AZONE","SEVEN","ZME","2020/12/31","Y","AZONE7.AZONE","SID","MEM"
"2026/05/14","BACHMAN","TWO","ZFW","2025/11/27","N","BACH2.TTT","SID","DAL"
"2026/05/14","BACHS","TWO","ZSE","2008/04/10","Y","BACHS2.BACHS","OBSTACLE","AAT"
"2026/05/14","BACMY","TWO","ZAN","2016/07/21","Y","BACMY2.BACMY","SID","CEM"
"2026/05/14","BALDY","THREE","ZAB","2019/02/28","N","BALDY3.MAXXO","SID","PHX"
"2026/05/14","BANGOR","FIVE","ZBW","2023/10/05","N","BGR5.BGR","SID","BGR"
"2026/05/14","BANGR","NINE","ZSE","2017/10/12","Y","BANGR9.BANGR","SID","SEA"
"2026/05/14","BANNG","THREE","ZTL","2022/05/19","Y","BANNG3.BANNG","SID","ATL"
"2026/05/14","BANZI","ONE","ZHN","2020/01/30","Y","BANZI1.BANZI","SID","HNL"
"2026/05/14","BARII","THREE","ZOB","2024/05/16","Y","BARII3.BARII","SID","ARB DET DTW MTC ONZ OZW PTK TTF VLL YIP"
"2026/05/14","BARMY","SIX","ZTL","2026/05/14","Y","BARMY6.BARMY","SID","AKH CLT EQY IPJ JQF LKR RUQ UZA VUJ"
"2026/05/14","BAYLR","SIX","ZDV","2020/03/26","Y","BAYLR6.BAYLR","SID","DEN"
"2026/05/14","BAYPO","TWO","ZMA","2024/05/16","Y","BAYPO2.BAYPO","SID","PIE TPA"
"2026/05/14","BBKNG","SEVEN","ZME","2020/12/31","Y","BBKNG7.BBKNG","SID","MEM"
"2026/05/14","BEACH","FOUR","ZHN","2015/08/20","N","BEACH4.BEACH","SID","OGG"
"2026/05/14","BEAR LAKE","ONE","ZLC","2023/04/20","Y","1U71.LUNDI","OBSTACLE","1U7"
"2026/05/14","BEAVY","SEVEN","ZTL","2026/05/14","Y","BEAVY7.BEAVY","SID","AKH CLT EQY IPJ JQF LKR RUQ UZA VUJ"
"2026/05/14","BELLEVUE","FOUR","ZSE","2018/09/13","N","BELVU4.BELVU","SID","RNT"
"2026/05/14","BELLINGHAM","ONE","ZVR","2025/11/27","Y","BLI1.SQURL","OBSTACLE","BLI"
"2026/05/14","BEMAR","THREE","ZDC","2020/09/10","Y","BEMAR3.BEMAR","SID","BCB"
"2026/05/14","BEND","TWO","ZSE","2023/08/10","N","BDN2.BDN","OBSTACLE","BDN"
"2026/05/14","BENTON","SEVEN","ZME","2022/11/03","N","BENTN7.BENTN","SID","VBT"
"2026/05/14","BERMUDA DUNES","ONE","ZLA","2018/11/08","N","KUDD1.KUDD","OBSTACLE","UDD"
"2026/05/14","BERNI","THREE","ZSE","2018/02/01","Y","BERNI3.BERNI","SID","HIO"
"2026/05/14","BERYY","SIX","ZKC","2025/11/27","Y","BERYY6.BERYY","SID","STL"
"2026/05/14","BETHEL","TWO","ZAN","2016/07/21","Y","BET2.BET","SID","KWT"
"2026/05/14","BETTLES","TWO","ZAN","2017/10/12","Y","BTT2.BTT","OBSTACLE","CXF"
"2026/05/14","BEVERLY","THREE","ZBW","2022/12/29","N","BVY3.BVY","SID","BVY"
"2026/05/14","BEVVR","ONE","ZDV","2018/07/19","Y","BEVVR1.BEVVR","SID","EGE"
"2026/05/14","BEXGO","FIVE","ZDC","2021/12/02","Y","BEXGO5.BEXGO","SID","RDU"
"2026/05/14","BGOOD","FIVE","ZKC","2018/07/19","Y","BGOOD5.BGOOD","SID","STL"
"2026/05/14","BGSKY","TWO","ZLC","2024/12/26","Y","BGSKY2.BGSKY","SID","BZN"
"2026/05/14","BIBNE","THREE","ZAN","2012/05/31","Y","BIBNE3.BIBNE","OBSTACLE","MDM"
"2026/05/14","BIG LAKE","TWO","ZAN","2016/09/15","Y","BGQ2.BGQ","OBSTACLE","UUO"
"2026/05/14","BILLINGS","FIVE","ZLC","2018/02/01","N","BIL5.BIL","SID","6S8 BIL"
"2026/05/14","BIMMR","THREE","ZTL","2022/05/19","Y","BIMMR3.BIMMR","SID","GMU GSP GYH SPA"
"2026/05/14","BINAL","TWO","ZAN","2019/12/05","Y","BINAL2.BINAL","OBSTACLE","OUL"
"2026/05/14","BINKY","SIX","ZME","2020/12/31","Y","BINKY6.BINKY","SID","MEM"
"2026/05/14","BIORKA","FOUR","ZAN","2018/02/01","N","BKA4.BKA","OBSTACLE","SIT"
"2026/05/14","BIRMINGHAM","EIGHT","ZTL","2021/04/22","N","BHM8.BHM","SID","BHM"
"2026/05/14","BIXBY","ONE","ZAU","2024/01/25","Y","BIXBY1.BIXBY","SID","RFD"
"2026/05/14","BLACKSTONE","ONE","ZDC","2014/11/13","N","BKT1.BKT","SID","BKT"
"2026/05/14","BLECO","EIGHT","ZFW","2018/03/29","Y","BLECO8.BLECO","SID","DFW"
"2026/05/14","BLOKR","EIGHT","ZAU","2026/02/19","Y","BLOKR8.BLOKR","SID","ARR DPA GYY LOT"
"2026/05/14","BLTWY","SEVEN","ZHU","2021/10/07","Y","BLTWY7.BLTWY","SID","54T 6R3 ARM AXH BYY CXO DWH EFD GLS HOU HPY IAH IWS LBX LVJ SGR T00 T41 T78 TME"
"2026/05/14","BLUE LAKE","THREE","ZSE","2011/06/30","N","NOT ASSIGNED","SID","TTD"
"2026/05/14","BLUE MESA","THREE","ZDV","2016/07/21","N","HBU3.HBU","SID","MTJ"
"2026/05/14","BLUEFIELD","ONE","ZID","2025/11/27","N","BLUEF1.BLF","OBSTACLE","BLF"
"2026/05/14","BLUSH","TWO","ZHN","2014/05/29","N","BLUSH2.BLUSH","SID","MKK"
"2026/05/14","BLZZR","SIX","ZBW","2023/11/30","Y","BLZZR6.BLZZR","SID","BOS"
"2026/05/14","BMRNG","FOUR","ZOA","2016/07/21","Y","BMRNG4.BMRNG","SID","SJC"
"2026/05/14","BNDIA","THREE","ZHU","2021/04/22","Y","BNDIA3.BNDIA","SID","3R9 AUS EDC GTU HYI RYW T74"
"2026/05/14","BNDTO","SIX","ZHU","2024/07/11","Y","BNDTO6.BNDTO","SID","IAH"
"2026/05/14","BNGLE","FIVE","ZID","2024/03/21","Y","BNGLE5.BNGLE","SID","CVG"
"2026/05/14","BNGOS","FOUR","ZMA","2024/03/21","Y","BNGOS4.BNGOS","SID","HST MIA OPF TMB X51"
"2026/05/14","BNICE","TWO","ZMA","2024/03/21","Y","BNICE2.BNICE","SID","FLL FXE PMP"
"2026/05/14","BNYRD","SIX","ZAB","2018/05/24","Y","BNYRD6.BNYRD","SID","CHD DVT GEU GYR IWA SDL"
"2026/05/14","BOBKT","FIVE","ZLC","2024/07/11","Y","BOBKT5.BOBKT","SID","BZN"
"2026/05/14","BOBZY","SIX","ZTL","2026/05/14","Y","BOBZY6.BOBZY","SID","AKH CLT EQY IPJ JQF LKR RUQ UZA VUJ"
"2026/05/14","BOISE","THREE","ZLC","2016/05/26","N","BOI3.BOI","SID","BOI"
"2026/05/14","BORDER","SEVEN","ZLA","2015/08/20","N","BRDR7.BROWS","SID","SAN"
"2026/05/14","BORLAND","TWO","ZAN","2018/09/13","N","HBT2.HBT","OBSTACLE","SDP"
"2026/05/14","BORRN","SIX","ZHU","2023/11/30","Y","BORRN6.BORRN","SID","54T 6R3 AXH CXO DWH EFD GLS HPY IWS LBX LVJ SGR T00 T41 T78 TME"
"2026/05/14","BOSQE","THREE","ZAB","2015/06/25","Y","BOSQE3.BOSQE","SID","ABQ"
"2026/05/14","BOTCH","TWO","ZFW","2026/04/16","Y","BOTCH2.BOTCH","SID","50F ADS AFW CPT DAL DFW DTO F41 F46 FTW FWS GKY GPM HQZ JWY LNC LUD NFW RBD TKI WEA"
"2026/05/14","BOULDER CITY","ONE","ZLA","2008/02/14","N","BLD1.BLD","OBSTACLE","VGT"
"2026/05/14","BOWIE","EIGHT","ZHU","2025/08/07","N","BOWIE8.BOWIE","SID","SAT SSF"
"2026/05/14","BOZEMAN","SIX","ZLC","2018/05/24","N","BZN6.BZN","OBSTACLE","BZN"
"2026/05/14","BRADLEY","SIX","ZBW","2021/08/12","N","NOT ASSIGNED","SID","BDL"
"2026/05/14","BRAKK","FIVE","ZKC","2018/07/19","Y","BRAKK5.BRAKK","SID","STL"
"2026/05/14","BRALY","ONE","ZOA","2020/05/21","N","BRALY1.BRALY","SID","PRB"
"2026/05/14","BREVIG","THREE","ZAN","2023/10/05","Y","KTS3.MUJUD","OBSTACLE","KTS"
"2026/05/14","BRICK","FOUR","ZDV","2018/05/24","N","BRICK4.JNC","SID","MTJ"
"2026/05/14","BRIDGEHAVEN","ONE","ZNY","2022/09/08","N","BHAVN1.BDR","SID","BDR HVN"
"2026/05/14","BRIDGES","TWO","ZLC","2020/12/31","Y","RVF2.HIA","OBSTACLE","RVF"
"2026/05/14","BROAK","ONE","ZAB","2018/05/24","Y","BROAK1.BROAK","SID","PHX"
"2026/05/14","BRSTL","ONE","ZJX","2023/08/10","Y","BRSTL1.BRSTL","SID","JAX"
"2026/05/14","BRUWN","SEVEN","ZBW","2023/11/30","Y","BRUWN7.BRUWN","SID","BOS"
"2026/05/14","BRYCE","TWO","ZLC","2011/03/10","Y","BRYCE2.BRYCE","OBSTACLE","BCE"
"2026/05/14","BUCHANAN","TWO","ZOA","2017/06/22","N","BCHN2.CCR","SID","CCR"
"2026/05/14","BUCKEYE","FOUR","ZAB","2015/06/25","N","BXK4.BXK","SID","PHX"
"2026/05/14","BUELT","FOUR","ZLA","2016/11/10","N","BUELT4.BUELT","SID","SMX"
"2026/05/14","BUFFALO","EIGHT","ZOB","2021/12/02","N","BUF8.BUF","SID","BUF"
"2026/05/14","BUFIY","FOUR","ZDC","2024/10/31","Y","BUFIY4.BUFIY","SID","ROA"
"2026/05/14","BUFTT","ONE","ZMA","2024/10/31","Y","BUFTT1.BUFTT","SID","EYW"
"2026/05/14","BULLDOG","THREE","ZOA","2018/07/19","N","BULL3.NTELL","SID","FAT"
"2026/05/14","BUNZZ","THREE","ZDC","2015/06/25","Y","BUNZZ3.BUNZZ","SID","IAD"
"2026/05/14","BURLINGTON","ONE","ZBW","2021/02/25","N","BTV1.BTV","SID","BTV"
"2026/05/14","BURRO","FIVE","ZAB","2023/11/30","Y","BURRO5.BURRO","SID","TUS"
"2026/05/14","BWALL","TWO","ZTL","2019/04/25","Y","BWALL2.BWALL","SID","GMU GSP GYH SPA"
"2026/05/14","BYTER","ONE","ZAB","2023/06/15","Y","BYTER1.BYTER","OBSTACLE","SEZ"
"2026/05/14","CABOT","ONE","ZAN","2025/09/04","Y","CABOT1.CABOT","OBSTACLE","KKI"
"2026/05/14","CADKI","ONE","ZLC","2017/10/12","Y","CADKI1.CADKI","OBSTACLE","MAN"
"2026/05/14","CALIFORNIA CITY","ONE","ZLA","2005/03/17","Y","L711.LHS","OBSTACLE","L71"
"2026/05/14","CAMARILLO","SIX","ZLA","2016/09/15","N","CMA6.CMA","SID","OXR"
"2026/05/14","CAMBA","FOUR","ZAB","2021/12/02","Y","CAMBA4.CAMBA","SID","TYL"
"2026/05/14","CANBY","TWO","ZSE","2018/02/01","N","CANBY2.CANBY","SID","HIO"
"2026/05/14","CANOGA","THREE","ZLA","2020/01/30","N","CANOG3.IPIHO","SID","VNY"
"2026/05/14","CANYON","FOUR","ZDV","2016/07/21","N","CANYN4.PUB","SID","PUB"
"2026/05/14","CAPITAL","ONE","ZDC","2017/08/17","N","CPTAL1.IAD","SID","IAD"
"2026/05/14","CAPITAN","TWO","ZAB","2021/02/25","N","CAP2.CEP","OBSTACLE","SRR"
"2026/05/14","CARBON","TWO","ZDV","2023/10/05","Y","CRBN2.NEDAE","OBSTACLE","DWX"
"2026/05/14","CARYN","EIGHT","ZAU","2026/02/19","Y","CARYN8.CARYN","SID","ARR DPA GYY LOT"
"2026/05/14","CASCADE","FOUR","ZSE","2025/04/17","Y","CASCD4.CHISM","SID","PDX"
"2026/05/14","CASEL","SEVEN","ZAN","2018/03/29","N","CASEL7.CASEL","SID","CDV"
"2026/05/14","CASPER","THREE","ZDV","2016/07/21","N","CPR3.CPR","SID","CPR"
"2026/05/14","CATALINA","EIGHT","ZLA","2017/08/17","N","SXC8.SXC","SID","LAX"
"2026/05/14","CATHEDRAL","ONE","ZLA","2009/10/22","N","CATH1.PSP","SID","PSP"
"2026/05/14","CAVVS","FIVE","ZOB","2025/11/27","Y","CAVVS5.CAVVS","SID","BKL CGF CLE LNN LPR"
"2026/05/14","CBAIN","ONE","ZSE","2017/10/12","Y","CBAIN1.CBAIN","SID","BFI"
"2026/05/14","CCOBB","THREE","ZOB","2024/05/16","Y","CCOBB3.CCOBB","SID","ARB DET DTW MTC ONZ OZW PTK TTF VLL YIP"
"2026/05/14","CELTK","SEVEN","ZBW","2023/11/30","Y","CELTK7.CELTK","SID","BOS"
"2026/05/14","CENTEX","EIGHT","ZHU","2025/02/20","N","CWK8.CWK","SID","AUS"
"2026/05/14","CENTRAL","ONE","ZNY","2019/02/28","N","CENTR1.ARD","SID","47N"
"2026/05/14","CGULL","ONE","ZLC","2018/05/24","Y","CGULL1.CGULL","SID","SLC"
"2026/05/14","CHACO","ONE","ZDV","1996/12/05","N","CHACO1.CHACO","SID","FMN"
"2026/05/14","CHADM","FOUR","ZME","2025/11/27","Y","CHADM4.CHADM","SID","BNA"
"2026/05/14","CHANNEL","THREE","ZLA","2016/11/10","N","CHANL3.SXC","SID","SNA"
"2026/05/14","CHARLIE","EIGHT","ZOA","2022/03/24","N","CHRLY8.ROZZA","SID","STS"
"2026/05/14","CHARLOTTE","FOUR","ZTL","2026/05/14","N","CLT4.CLT","SID","CLT"
"2026/05/14","CHATT","SIX","ZTL","2018/03/29","Y","CHATT6.CHATT","SID","AGS AIK DNL HQU"
"2026/05/14","CHATTANOOGA","NINE","ZTL","2024/04/18","N","CHA9.CHA","SID","CHA"
"2026/05/14","CHATY","FIVE","ZLA","2017/04/27","N","CHATY5.CHATY","SID","LAX"
"2026/05/14","CHCLL","SIX","ZID","2024/03/21","Y","CHCLL6.CHCLL","SID","CVG"
"2026/05/14","CHICO","FIVE","ZOA","2020/05/21","N","CIC5.CIC","SID","CIC"
"2026/05/14","CHIEF","NINE","ZKC","2023/10/05","N","CHIEF9.MCI","SID","FLV GPH IXD LXT MCI MKC OJC STJ"
"2026/05/14","CHILY","FOUR","ZAB","2015/06/25","N","CHILY4.CHILY","SID","PHX"
"2026/05/14","CHISM","FOUR","ZSE","2018/02/01","Y","CHISM4.CHISM","SID","HIO"
"2026/05/14","CHLDR","FIVE","ZME","2020/12/31","Y","CHLDR5.CHLDR","SID","MEM"
"2026/05/14","CHOII","THREE","ZLA","2020/09/10","Y","CHOII3.CHOII","SID","SMO"
"2026/05/14","CHOIR","THREE","ZSE","2016/09/15","Y","CHOIR3.CHOIR","SID","AAT"
"2026/05/14","CHOTT","ONE","ZOA","2024/10/31","Y","CHOTT1.CHOTT","OBSTACLE","O05"
"2026/05/14","CHRRO","ONE","ZOA","2024/01/25","Y","CHRRO1.CHRRO","SID","STS"
"2026/05/14","CHUNA","TWO","ZAN","2020/09/10","N","CHUNA2.CHUNA","SID","CDB"
"2026/05/14","CHUUC","SIX","ZKC","2022/05/19","Y","CHUUC6.CHUUC","SID","STL"
"2026/05/14","CHUWY","ONE","ZDV","2020/03/26","Y","CHUWY1.CHUWY","SID","DEN"
"2026/05/14","CIITY","THREE","ZOA","2015/08/20","Y","CIITY3.CIITY","SID","SFO"
"2026/05/14","CILAC","THREE","ZAN","2018/11/08","Y","CILAC3.CILAC","OBSTACLE","PEV"
"2026/05/14","CINCINNATI","EIGHT","ZID","2026/05/14","N","CVG8.CVG","SID","CVG"
"2026/05/14","CISPU","ONE","ZLC","2008/06/05","Y","CISPU1.CISPU","OBSTACLE","M46"
"2026/05/14","CITRUS","ONE","ZJX","2017/12/07","N","CITR1.CITR","SID","MCO"
"2026/05/14","CLSSY","THREE","ZLA","2026/01/22","Y","CLSSY3.CLSSY","SID","SAN"
"2026/05/14","CLTCH","THREE","ZDC","2020/12/31","Y","CLTCH3.CLTCH","SID","DAA DCA IAD JYO MRB OKV"
"2026/05/14","CLVIN","THREE","ZOB","2024/05/16","Y","CLVIN3.CLVIN","SID","ARB DET DTW MTC ONZ OZW PTK TTF VLL YIP"
"2026/05/14","CNDEL","FIVE","ZOA","2021/08/12","Y","CNDEL5.CNDEL","SID","OAK"
"2026/05/14","COALDALE","FOUR","ZOA","2017/12/07","N","OAL4.OAL","SID","FAT"
"2026/05/14","COAST","NINE","ZOA","2018/02/01","N","COAST9.MCKEY","SID","OAK"
"2026/05/14","COCHISE","ONE","ZAB","2013/05/02","N","CIE1.CIE","OBSTACLE","P33"
"2026/05/14","COEUR D'ALENE","TWO","ZSE","2013/03/07","N","COE2.COE","OBSTACLE","COE"
"2026/05/14","COLD BAY","TWO","ZAN","2020/12/31","Y","COLD2.CDB","OBSTACLE","KVC"
"2026/05/14","COLIN","EIGHT","ZDC","2018/07/19","N","COLIN8.COLIN","SID","RIC"
"2026/05/14","CONLE","FIVE","ZDC","2024/07/11","Y","CONLE5.CONLE","SID","BWI DMW ESN FDK GAI MTN"
"2026/05/14","CONNR","EIGHT","ZDV","2026/03/19","Y","CONNR8.CONNR","SID","DEN"
"2026/05/14","CONRA","FOUR","ZFW","2026/04/16","N","CONRA4.CONRA","SID","GRK HLR ILE"
"2026/05/14","CONUK","ONE","ZLC","2008/06/05","Y","CONUK1.CONUK","OBSTACLE","M46"
"2026/05/14","COOLI","SIX","ZLC","2019/08/15","Y","COOLI6.COOLI","SID","HCR"
"2026/05/14","COORZ","SEVEN","ZDV","2026/03/19","Y","COORZ7.COORZ","SID","DEN"
"2026/05/14","CORONA","ONE","ZAB","2021/04/22","Y","CRONA1.CNX","OBSTACLE","ALM"
"2026/05/14","CORTEZ","TWO","ZDV","2016/07/21","N","CEZ2.CEZ","SID","CEZ"
"2026/05/14","COULT","SEVEN","ZMP","2018/03/29","N","COULT7.COULT","SID","ANE FCM MSP STP"
"2026/05/14","COYOTE","FOUR","ZFW","2024/01/25","N","CYOTE4.TTT","SID","DAL DFW"
"2026/05/14","CRATER","ONE","ZSE","2024/10/31","N","CRATR1.LMT","OBSTACLE","LMT"
"2026/05/14","CREPE","THREE","ZLA","1987/07/30","N","CREPE3.CREPE","SID","SBP"
"2026/05/14","CRIED","ONE","ZHU","2021/10/07","N","CRIED1.CRIED","SID","AXH CXO DWH EFD GLS HOU IAH IWS LBX SGR T41 TME"
"2026/05/14","CRISI","TWO","ZHN","2017/12/07","Y","CRISI2.CRISI","SID","KOA"
"2026/05/14","CROLI","ONE","ZOA","2015/03/05","Y","CROLI1.CROLI","SID","MMH"
"2026/05/14","CROSB","TWO","ZJX","2015/01/08","Y","CROSB2.CROSB","SID","JAX"
"2026/05/14","CROWD","EIGHT","ZMA","2019/01/03","Y","CROWD8.CROWD","SID","TPA"
"2026/05/14","CRSON","SEVEN","ZME","2020/12/31","Y","CRSON7.CRSON","SID","MEM"
"2026/05/14","CSHEL","EIGHT","ZMA","2026/01/22","Y","CSHEL8.CSHEL","SID","APF FMY MKY RSW"
"2026/05/14","CTRUS","FOUR","ZLA","2020/09/10","Y","CTRUS4.CTRUS","SID","SMO"
"2026/05/14","CURLO","SIX","ZFW","2024/01/25","Y","CURLO6.CURLO","SID","DAL"
"2026/05/14","CUTTN","TWO","ZTL","2016/11/10","Y","CUTTN2.CUTTN","SID","ATL"
"2026/05/14","CWARD","TWO","ZLA","2017/12/07","Y","CWARD2.CWARD","SID","CRQ MYF RNM SAN SDM SEE"
"2026/05/14","DAGGETT","ONE","ZLA","2010/07/29","N","DAG1.DAG","OBSTACLE","DAG"
"2026/05/14","DALLAS","FOUR","ZFW","2025/11/27","N","DALL4.TTT","SID","ADS AFW DAL DFW DTO FTW FWS GKY GPM HQZ LNC NFW RBD TKI"
"2026/05/14","DALLES","ONE","ZSE","2013/12/12","N","DALLS1.LTJ","OBSTACLE","DLS"
"2026/05/14","DANLS","FOUR","ZME","2025/11/27","Y","DANLS4.DANLS","SID","BNA"
"2026/05/14","DARCY","EIGHT","ZAU","2026/02/19","Y","DARCY8.DARCY","SID","ARR DPA GYY LOT"
"2026/05/14","DARRK","THREE","ZLA","2019/10/10","Y","DARRK3.DARRK","SID","LAX"
"2026/05/14","DARTZ","NINE","ZFW","2022/11/03","Y","DARTZ9.DARTZ","SID","DFW"
"2026/05/14","DAVVY","TWO","ZDV","2019/02/28","Y","DAVVY2.DAVVY","OBSTACLE","LXV"
"2026/05/14","DAWNN","ONE","ZID","2017/12/07","N","DAWNN1.DAWNN","SID","EYE GEZ HFY IND MQJ TYQ UMP"
"2026/05/14","DAYTON","NINE","ZID","2026/05/14","N","DAY9.DAY","SID","DAY"
"2026/05/14","DDANY","THREE","ZJX","2022/05/19","Y","DDANY3.DDANY","SID","MCO"
"2026/05/14","DDRTH","ONE","ZDV","2020/03/26","Y","DDRTH1.DDRTH","SID","DEN"
"2026/05/14","DEBLOIS","TWO","ZBW","2026/03/19","N","DEB2.DEB","OBSTACLE","43B"
"2026/05/14","DECOT","ONE","ZOA","2002/08/08","Y","DECOT1.DECOT","OBSTACLE","RHV"
"2026/05/14","DEER VALLEY","THREE","ZAB","2023/08/10","N","DVT3.PXR","OBSTACLE","DVT"
"2026/05/14","DEEZZ","SIX","ZNY","2026/02/19","Y","DEEZZ6.DEEZZ","SID","FRG JFK"
"2026/05/14","DELTA","ONE","ZLC","2021/12/02","N","DTA1.DTA","OBSTACLE","DTA"
"2026/05/14","DENVER","THREE","ZDV","2025/06/12","N","NOT ASSIGNED","SID","APA BJC BKF CFO DEN FNL GXY"
"2026/05/14","DES MOINES","TWO","ZMP","2024/12/26","N","DSM2.DSM","SID","DSM"
"2026/05/14","DESCHUTES","FOUR","ZSE","2026/01/22","Y","DSD4.DSD","SID","S39"
"2026/05/14","DEVIL","ONE","ZNY","2023/11/30","N","DEVL1.EWR","SID","EWR"
"2026/05/14","DEZRT","TWO","ZLC","2023/04/20","Y","DEZRT2.DEZRT","SID","SLC"
"2026/05/14","DIBVY","THREE","ZAN","2021/12/02","Y","DIBVY3.GAL","OBSTACLE","KYU"
"2026/05/14","DIDLY","FIVE","ZLC","2018/05/24","N","DIDLY5.DIDLY","SID","MSO"
"2026/05/14","DILLO","ONE","ZHU","2015/03/05","Y","DILLO1.DILLO","SID","3R9 AUS EDC GTU HYI RYW T74"
"2026/05/14","DILLON","TWO","ZLC","2020/12/31","Y","DLN2.DLN","OBSTACLE","RVF"
"2026/05/14","DITTI","ONE","ZLC","2024/12/26","Y","DITTI1.DITTI","SID","PVU"
"2026/05/14","DIVIDE","TWO","ZLC","2023/02/23","N","DIVD2.HLN","OBSTACLE","HLN"
"2026/05/14","DIVYD","TWO","ZLC","2024/01/25","Y","DIVYD2.DIVYD","SID","JAC"
"2026/05/14","DIXON","TWO","ZDV","2023/10/05","Y","DIXON2.DYNES","OBSTACLE","DWX"
"2026/05/14","DIXXY","EIGHT","ZDC","2019/08/15","N","DIXXY8.DIXXY","SID","ROA"
"2026/05/14","DOCTR","FIVE","ZDC","2020/12/31","Y","DOCTR5.DOCTR","SID","DCA"
"2026/05/14","DOOKK","THREE","ZAB","2015/06/25","Y","DOOKK3.DOOKK","SID","ABQ"
"2026/05/14","DORMR","THREE","ZMA","2023/04/20","Y","DORMR3.DORMR","SID","TPA"
"2026/05/14","DORRL","TWO","ZMA","2024/03/21","Y","DORRL2.DORRL","SID","FLL FXE HST MIA OPF PMP TMB X51"
"2026/05/14","DOTSS","TWO","ZLA","2017/08/17","Y","DOTSS2.DOTSS","SID","LAX"
"2026/05/14","DOVER","FIVE","ZTL","2019/02/28","Y","DOVER5.DOVER","SID","AGS AIK"
"2026/05/14","DRAKE","TWO","ZAB","2014/11/13","Y","DRAKE2.DRK","OBSTACLE","GEU"
"2026/05/14","DRRLL","FOUR","ZAN","2021/12/02","Y","DRRLL4.DRRLL","SID","FAI"
"2026/05/14","DRURY","FOUR","ZME","2025/11/27","Y","DRURY4.DRURY","SID","BNA"
"2026/05/14","DRUSE","FIVE","ZKC","2018/07/19","Y","DRUSE5.DRUSE","SID","STL"
"2026/05/14","DUCKZ","FIVE","ZME","2020/12/31","Y","DUCKZ5.DUCKZ","SID","MEM"
"2026/05/14","DUKPN","ONE","ZDC","2024/07/11","Y","DUKPN1.DUKPN","SID","BWI"
"2026/05/14","DUMZU","ONE","ZAN","2024/09/05","Y","DUMZU1.DUMZU","OBSTACLE","5NN"
"2026/05/14","DUTCHESS","EIGHT","ZNY","2019/06/20","N","DUCHS8.POU","SID","POU"
"2026/05/14","EAGLE","SIX","ZSE","2016/07/21","N","NOT ASSIGNED","SID","MFR"
"2026/05/14","EATON","TWO","ZHU","2016/07/21","N","LBY2.LBY","SID","HBG"
"2026/05/14","EBSIH","ONE","ZAN","2009/10/22","Y","EBSIH1.EBSIH","OBSTACLE","9A3"
"2026/05/14","ECHHO","TWO","ZLA","2017/10/12","Y","ECHHO2.ECHHO","SID","SAN"
"2026/05/14","ECHOO","ONE","ZDV","2020/03/26","Y","ECHOO1.ECHOO","SID","APA BJC CFO FNL GXY LMO"
"2026/05/14","ECLPS","ONE","ZAB","2018/05/24","Y","ECLPS1.ECLPS","SID","PHX"
"2026/05/14","EDGGE","ONE","ZOA","2026/04/16","Y","EDGGE1.EDGGE","SID","TVL"
"2026/05/14","EDUKY","FIVE","ZDV","2018/02/01","Y","EDUKY5.EDUKY","SID","RIL"
"2026/05/14","EEMOS","FIVE","ZKC","2018/07/19","Y","EEMOS5.EEMOS","SID","STL"
"2026/05/14","EEONS","EIGHT","ZDV","2021/06/17","Y","EEONS8.WYNDM","SID","DEN"
"2026/05/14","EEVAA","ONE","ZID","2024/07/11","Y","EEVAA1.EEVAA","SID","SDF"
"2026/05/14","EGAXE","ONE","ZAN","2025/11/27","Y","EGAXE1.EGAXE","OBSTACLE","6K8"
"2026/05/14","EL DORADO","ONE","ZHU","2021/10/07","N","ELD1.ELD","SID","AXH CXO DWH EFD GLS HOU IAH IWS LBX SGR T41 TME"
"2026/05/14","EL TORO","FIVE","ZLA","2024/05/16","N","ELB5.ELB","SID","SNA"
"2026/05/14","ELANR","NINE","ZAU","2026/02/19","Y","ELANR9.ELANR","SID","ARR DPA GYY LOT"
"2026/05/14","ELIM","TWO","ZAN","2022/07/14","Y","MOS2.MOS","OBSTACLE","ELI"
"2026/05/14","ELIZZ","ONE","ZDV","2018/07/19","Y","ELIZZ1.ELIZZ","OBSTACLE","4V0"
"2026/05/14","ELKINS","ONE","ZOB","2022/11/03","N","EKN1.EKN","OBSTACLE","EKN"
"2026/05/14","ELMAA","FIVE","ZSE","2024/12/26","N","ELMAA5.ELMAA","SID","SEA"
"2026/05/14","ELMOO","NINE","ZLA","2019/04/25","N","ELMOO9.ELMOO","SID","BUR"
"2026/05/14","ELOCO","SIX","ZHU","2022/01/27","Y","ELOCO6.ELOCO","SID","HOU"
"2026/05/14","ELOEL","THREE","ZHU","2021/04/22","Y","ELOEL3.ELOEL","SID","3R9 AUS EDC GTU HYI RYW T74"
"2026/05/14","ELVIS","FOUR","ZME","2017/08/17","N","ELVIS4.MEM","SID","MEM"
"2026/05/14","ELY","TWO","ZLC","2011/10/20","N","ELY2.ELY","OBSTACLE","ELY"
"2026/05/14","EMMTT","FOUR","ZFW","2016/03/31","Y","EMMTT4.EMMTT","SID","DAL"
"2026/05/14","EMMYS","EIGHT","ZDV","2021/06/17","Y","EMMYS8.ZIRKL","SID","DEN"
"2026/05/14","EMONT","THREE","ZLC","2019/02/28","N","EMONT3.EMONT","OBSTACLE","OGD"
"2026/05/14","ENDED","TWO","ZMA","2024/05/16","Y","ENDED2.ENDED","SID","PIE TPA"
"2026/05/14","ENNIS","TWO","ZLC","2021/06/17","Y","ENNIS2.ENNIS","OBSTACLE","EKS"
"2026/05/14","EPHRATA","ONE","ZSE","2021/12/02","Y","EPH1.EPH","OBSTACLE","OMK"
"2026/05/14","EPKEE","SEVEN","ZDV","2020/03/26","Y","EPKEE7.EPKEE","SID","DEN"
"2026/05/14","ESNYE","SEVEN","ZFW","2022/12/29","Y","ESNYE7.ESNYE","SID","DAL"
"2026/05/14","ESTRR","SIX","ZTL","2026/05/14","Y","ESTRR6.ESTRR","SID","AKH CLT EQY IPJ JQF LKR RUQ UZA VUJ"
"2026/05/14","EUGENE","ONE","ZSE","2018/09/13","N","NOT ASSIGNED","SID","EUG"
"2026/05/14","EXBOX","TWO","ZJX","2015/01/08","Y","EXBOX2.EXBOX","SID","JAX"
"2026/05/14","EXCON","ONE","ZLA","2000/06/15","Y","EXCON1.EXCON","OBSTACLE","APV"
"2026/05/14","EXECUTIVE","ONE","ZJX","2011/08/25","Y","EXTVE1.PLFMD","SID","JZI"
"2026/05/14","EXTAN","SEVEN","ZDV","2021/06/17","Y","EXTAN7.SHAYK","SID","DEN"
"2026/05/14","EYAKS","SIX","ZAN","2018/03/29","N","EYAKS6.EYAKS","SID","CDV"
"2026/05/14","EYESE","TWO","ZSE","2022/11/03","Y","EYESE2.EYESE","OBSTACLE","S59"
"2026/05/14","EZEPU","ONE","ZAN","2024/07/11","Y","EZEPU1.EZEPU","OBSTACLE","4KA"
"2026/05/14","FAHLZ","ONE","ZLC","2025/11/27","Y","FAHLZ1.FAHLZ","SID","IDA"
"2026/05/14","FAIRFIELD","NINE","ZLC","2017/08/17","N","FFU9.FFU","SID","SLC"
"2026/05/14","FAKES","FOUR","ZAN","2016/07/21","N","FAKES4.FAKES","SID","YAK"
"2026/05/14","FALCC","ONE","ZLA","2016/11/10","N","FALCC1.FALCC","SID","SAN"
"2026/05/14","FALCON","ONE","ZDV","2023/10/05","Y","FLCON1.DRAKE","OBSTACLE","FLY"
"2026/05/14","FALLBROOK","ONE","ZLA","2016/11/10","N","FALL1.VISTA","OBSTACLE","L18"
"2026/05/14","FARMINGTON","SEVEN","ZSE","2018/02/01","N","FARM7.UBG","SID","HIO"
"2026/05/14","FATHE","FOUR","ZJX","2025/06/12","Y","FATHE4.FATHE","SID","MCO"
"2026/05/14","FEALX","TWO","ZMA","2022/05/19","Y","FEALX2.FEALX","SID","FLL FXE PMP"
"2026/05/14","FEGBA","THREE","ZVR","2025/04/17","Y","FEGBA3.FEGBA","SID","ORS"
"2026/05/14","FELTS","FIVE","ZSE","2025/11/27","N","NOT ASSIGNED","SID","SFF"
"2026/05/14","FESKO","ONE","ZLC","2023/10/05","Y","FESKO1.FESKO","OBSTACLE","WMC"
"2026/05/14","FETUJ","THREE","ZSE","2013/03/07","Y","FETUJ3.FETUJ","OBSTACLE","TMK"
"2026/05/14","FFITZ","FOUR","ZAN","2018/02/01","Y","FFITZ4.FFITZ","SID","ANC"
"2026/05/14","FICHU","FOUR","ZOA","2022/11/03","Y","FICHU4.HABXU","OBSTACLE","O22"
"2026/05/14","FINZZ","THREE","ZLA","2020/09/10","Y","FINZZ3.FINZZ","SID","SNA"
"2026/05/14","FIROS","ONE","ZLC","2023/04/20","Y","FIROS1.FIROS","OBSTACLE","1U7"
"2026/05/14","FIXET","FIVE","ZDC","2025/04/17","Y","FIXET5.FIXET","SID","BWI"
"2026/05/14","FLAGSTAFF","ONE","ZAB","2017/12/07","N","FLG1.OATES","SID","FLG"
"2026/05/14","FLAME","FOUR","ZME","2025/11/27","Y","FLAME4.FLAME","SID","BNA"
"2026/05/14","FLIYN","ONE","ZLC","2025/02/20","Y","FLIYN1.FLIYN","SID","SUN"
"2026/05/14","FLMGO","TWO","ZMA","2024/03/21","Y","FLMGO2.FLMGO","SID","HST MIA OPF TMB X51"
"2026/05/14","FLOUT","FIVE","ZLA","1997/07/17","N","FLOUT5.FLOUT","SID","SBA"
"2026/05/14","FLUEN","TWO","ZOA","2011/06/30","Y","FLUEN2.FLUEN","OBSTACLE","O28"
"2026/05/14","FLYZA","FIVE","ZHU","2016/09/15","Y","FLYZA5.FLYZA","SID","IAH"
"2026/05/14","FOBRO","ONE","ZSE","2017/06/22","Y","FOBRO1.FOBRO","OBSTACLE","O46"
"2026/05/14","FOLZZ","THREE","ZMA","2024/03/21","Y","FOLZZ3.FOLZZ","SID","HST MIA OPF TMB X51"
"2026/05/14","FORCK","THREE","ZFW","2022/09/08","Y","FORCK3.FORCK","SID","DFW"
"2026/05/14","FORPE","ONE","ZAB","2018/05/24","Y","FORPE1.FORPE","SID","PHX"
"2026/05/14","FORT BRIDGER","ONE","ZLC","2022/11/03","N","FBR1.FBR","OBSTACLE","EVW"
"2026/05/14","FORT LAUDERDALE","TWO","ZMA","2024/12/26","N","FLL2.FLL","SID","FLL FXE PMP"
"2026/05/14","FOXHL","ONE","ZDC","2024/07/11","Y","FOXHL1.FOXHL","SID","BWI"
"2026/05/14","FRITR","THREE","ZLA","2018/09/13","Y","FRITR3.DOTSS","SID","LGB"
"2026/05/14","FRNCK","ONE","ZLA","2022/05/19","Y","FRNCK1.FRNCK","SID","LAS"
"2026/05/14","FROGO","ONE","ZOA","2020/09/10","N","FROGO1.FROGO","SID","SMF"
"2026/05/14","FRSBE","TWO","ZMA","2023/04/20","Y","FRSBE2.FRSBE","SID","FLL FXE PMP"
"2026/05/14","FSHUN","FOUR","ZJX","2025/06/12","Y","FSHUN4.FSHUN","SID","MCO"
"2026/05/14","FTHIL","THREE","ZOA","2020/05/21","Y","FTHIL3.FTHIL","SID","SMF"
"2026/05/14","FTHLS","SIX","ZAB","2018/05/24","Y","FTHLS6.FTHLS","SID","CHD DVT GEU GYR IWA SDL"
"2026/05/14","FUNNL","THREE","ZFW","2017/12/07","Y","FUNNL3.FUNNL","SID","OKC OUN PWA"
"2026/05/14","FYRBD","ONE","ZAB","2018/05/24","Y","FYRBD1.FYRBD","SID","PHX"
"2026/05/14","FYSTA","THREE","ZAB","2015/06/25","Y","FYSTA3.FYSTA","SID","ABQ"
"2026/05/14","GABBE","THREE","ZDC","2020/03/26","Y","GABBE3.GABBE","SID","HEF"
"2026/05/14","GABOW","TWO","ZMA","2022/05/19","Y","GABOW2.GABOW","SID","FXE PMP"
"2026/05/14","GAIRY","TWO","ZTL","2016/11/10","Y","GAIRY2.GAIRY","SID","ATL"
"2026/05/14","GALENA","EIGHT","ZAN","2023/08/10","N","GLEEN8.GLEEN","SID","FAI"
"2026/05/14","GANBO","ONE","ZSU","2009/08/27","Y","GANBO1.GANBO","SID","SJU"
"2026/05/14","GANDY","EIGHT","ZMA","2019/01/03","Y","GANDY8.GANDY","SID","TPA"
"2026/05/14","GAP","SEVEN","ZOA","2016/09/15","N","GAPP7.GAP","SID","SFO"
"2026/05/14","GARDY","FOUR","ZLA","2020/09/10","Y","GARDY4.GARDY","SID","LAX"
"2026/05/14","GARLAND","SIX","ZFW","2025/04/17","N","GARL6.TTT","SID","50F ADS AFW CPT DAL DFW DTO F41 F46 FTW FWS GKY GPM HQZ JWY LNC LUD NFW RBD TKI WEA"
"2026/05/14","GARLK","ONE","ZOA","2018/09/13","Y","GARLK1.GARLK","SID","WVI"
"2026/05/14","GATEWAY","ONE","ZKC","2018/11/08","N","GATWY1.TWILA","SID","ALN BLV CPS STL SUS"
"2026/05/14","GAUCH","THREE","ZLA","2024/12/26","Y","GAUCH3.GAUCH","SID","SBA"
"2026/05/14","GDOGG","FOUR","ZME","2025/11/27","Y","GDOGG4.GDOGG","SID","BNA"
"2026/05/14","GENEH","SEVEN","ZME","2020/12/31","Y","GENEH7.GENEH","SID","MEM"
"2026/05/14","GEORGETOWN","ONE","ZDC","2016/11/10","N","GED1.ATR","SID","GED"
"2026/05/14","GEYSER","SIX","ZLC","2021/12/02","N","GEYSR6.DNW","OBSTACLE","JAC"
"2026/05/14","GIDGT","FOUR","ZLA","2026/05/14","Y","GIDGT4.GIDGT","SID","LAS"
"2026/05/14","GIFFA","ONE","ZHU","2021/10/07","N","GIFFA1.GIFFA","SID","AXH CXO DWH EFD GLS HOU IAH IWS LBX SGR T41 TME"
"2026/05/14","GIPLE","SEVEN","ZID","2024/03/21","Y","GIPLE7.GIPLE","SID","CVG"
"2026/05/14","GLADA","THREE","ZSU","2015/12/10","Y","GLADA3.GLADA","SID","SJU"
"2026/05/14","GLADZ","FOUR","ZMA","2024/10/31","Y","GLADZ4.GLADZ","SID","FLL MIA OPF"
"2026/05/14","GLARA","TWO","ZSE","2017/04/27","Y","GLARA2.GLARA","SID","UAO"
"2026/05/14","GLAZY","ONE","ZLA","2023/02/23","Y","GLAZY1.GLAZY","SID","MHV"
"2026/05/14","GLDMN","EIGHT","ZNY","2022/12/29","Y","GLDMN8.GLDMN","SID","LGA"
"2026/05/14","GLENDALE","ONE","ZAB","2014/11/13","N","NOT ASSIGNED","SID","GEU"
"2026/05/14","GMBUD","SEVEN","ZME","2020/12/31","Y","GMBUD7.GMBUD","SID","MEM"
"2026/05/14","GNNET","TWO","ZSE","2017/04/27","Y","GNNET2.GNNET","SID","UAO"
"2026/05/14","GNNRR","THREE","ZOA","2022/12/29","Y","GNNRR3.GNNRR","SID","SFO"
"2026/05/14","GOETZ","SEVEN","ZME","2020/12/31","Y","GOETZ7.GOETZ","SID","MEM"
"2026/05/14","GOODYEAR","TWO","ZAB","2016/07/21","N","NOT ASSIGNED","SID","GYR"
"2026/05/14","GORMAN","SEVEN","ZLA","2017/08/17","N","GMN7.GMN","SID","LAX"
"2026/05/14","GOSIP","ONE","ZDV","2013/03/07","Y","GOSIP1.GOSIP","OBSTACLE","4V1"
"2026/05/14","GOWEN","FOUR","ZLC","2017/12/07","N","GOWEN4.BOI","OBSTACLE","BOI"
"2026/05/14","GRABE","EIGHT","ZFW","2018/03/29","Y","GRABE8.GRABE","SID","DFW"
"2026/05/14","GRAND","FOUR","ZLA","2017/04/27","N","GRAND4.BISOP","OBSTACLE","GCN"
"2026/05/14","GRAND JUNCTION","ONE","ZDV","2026/02/19","N","JNC1.JNC","SID","GJT"
"2026/05/14","GRAND MESA","TWO","ZDV","2024/05/16","N","GRAND2.GRAND","SID","GJT"
"2026/05/14","GROMO","FOUR","ZSE","2016/11/10","N","GROMO4.GROMO","SID","YKM"
"2026/05/14","GRRIZ","FIVE","ZME","2020/12/31","Y","GRRIZ5.GRRIZ","SID","MEM"
"2026/05/14","GRZLY","FOUR","ZLC","2025/02/20","N","GRZLY4.MSO","OBSTACLE","MSO"
"2026/05/14","GRZZZ","FOUR","ZAB","2021/12/02","Y","GRZZZ4.GRZZZ","SID","ABQ"
"2026/05/14","GTGON","ONE","ZID","2024/07/11","Y","GTGON1.GTGON","SID","SDF"
"2026/05/14","GTLKE","FIVE","ZOB","2025/11/27","Y","GTLKE5.GTLKE","SID","BKL CGF CLE LNN LPR"
"2026/05/14","GULKANA","TWO","ZAN","2026/01/22","Y","GKN2.GKN","SID","6K8"
"2026/05/14","GUMBY","THREE","ZHU","2015/12/10","Y","GUMBY3.GUMBY","SID","IAH"
"2026/05/14","GUSTAVUS","TWO","ZAN","2021/10/07","N","GSTVS2.SSR","OBSTACLE","GST"
"2026/05/14","GWAVA","TWO","ZMA","2022/05/19","Y","GWAVA2.GWAVA","SID","MIA"
"2026/05/14","GYPSUM","SIX","ZDV","2018/07/19","N","GYPSM6.RLG","SID","EGE"
"2026/05/14","HAALO","THREE","ZTL","2022/05/19","Y","HAALO3.HAALO","SID","ATL"
"2026/05/14","HABUT","FOUR","ZLA","2003/09/04","N","HABUT4.GVO","SID","SBA"
"2026/05/14","HAGOL","FIVE","ZID","2024/03/21","Y","HAGOL5.HAGOL","SID","CVG"
"2026/05/14","HAMAR","TWO","ZSU","2015/12/10","Y","HAMAR2.HAMAR","SID","SJU"
"2026/05/14","HAMET","THREE","ZLC","2015/08/20","Y","HAMET3.HAMET","OBSTACLE","RIF"
"2026/05/14","HAMEY","TWO","ZLC","2021/10/07","Y","HAMEY2.HAMEY","OBSTACLE","HRF"
"2026/05/14","HAMILTON","NINE","ZSU","2022/03/24","N","HMLTN9.HMLTN","SID","STX"
"2026/05/14","HANIM","TWO","ZLC","2016/07/21","Y","HANIM2.HANIM","SID","7S0"
"2026/05/14","HANSCOM","FIVE","ZBW","2022/12/29","N","HNSCM5.BED","SID","BED"
"2026/05/14","HAPAI","THREE","ZHN","2014/05/29","N","HAPAI3.HAPAI","SID","MKK"
"2026/05/14","HAROB","SIX","ZSE","2017/10/12","Y","HAROB6.HAROB","SID","SEA"
"2026/05/14","HARYS","FIVE","ZLA","2025/02/20","Y","HARYS5.HARYS","SID","VNY"
"2026/05/14","HASSL","TWO","ZLC","2025/06/12","Y","HASSL2.HASSL","OBSTACLE","1L7"
"2026/05/14","HAWWC","THREE","ZLA","2018/07/19","Y","HAWWC3.HAWWC","SID","FUL LGB SLI SNA TOA"
"2026/05/14","HAYDEN","FOUR","ZSE","2016/07/21","N","NOT ASSIGNED","SID","SFF"
"2026/05/14","HAYEZ","NINE","ZLA","2020/09/10","Y","HAYEZ9.HAYEZ","SID","VNY"
"2026/05/14","HEALY","TWO","ZAN","2022/12/29","Y","HEALY2.EVIEE","OBSTACLE","HRR"
"2026/05/14","HELENA","FIVE","ZLC","2023/02/23","N","HLN5.HLN","SID","HLN"
"2026/05/14","HEMRO","ONE","ZAN","2025/10/02","Y","HEMRO1.HEMRO","OBSTACLE","MHM"
"2026/05/14","HENCE","ONE","ZOA","2024/08/08","N","HENCE1.HENCE","OBSTACLE","RHV"
"2026/05/14","HENRY","FOUR","ZDC","2025/08/07","N","HENRY4.PHF","SID","PHF"
"2026/05/14","HESTIN","SIX","ZMP","2022/12/29","Y","HSTIN6.HSTIN","SID","MSP"
"2026/05/14","HHERO","THREE","ZLA","2018/07/19","Y","HHERO3.HHERO","SID","SNA"
"2026/05/14","HHOTH","TWO","ZDV","2020/09/10","Y","HHOTH2.HHOTH","SID","DEN"
"2026/05/14","HHOWE","FOUR","ZOB","2024/05/16","Y","HHOWE4.HHOWE","SID","ARB DET DTW MTC ONZ OZW PTK TTF VLL YIP"
"2026/05/14","HIAKA","ONE","ZHN","2019/06/20","Y","HIAKA1.HIAKA","SID","OGG"
"2026/05/14","HICKORY","ONE","ZTL","2025/02/20","N","HKY1.HKY","SID","HKY"
"2026/05/14","HIDEY","ONE","ZID","2024/07/11","Y","HIDEY1.HIDEY","SID","SDF"
"2026/05/14","HIGHFILL","NINE","ZME","2023/04/20","N","HIFIL9.RZC","SID","XNA"
"2026/05/14","HIICH","TWO","ZDC","2016/03/31","Y","HIICH2.HIICH","SID","HEF"
"2026/05/14","HIMKI","ONE","ZAP","2010/07/29","Y","HIMKI1.HIMKI","OBSTACLE","AKA"
"2026/05/14","HIVKA","TWO","ZLA","2016/03/31","Y","HIVKA2.HIVKA","SID","SGU"
"2026/05/14","HOBBY","TWO","ZSE","2019/01/03","N","77S2.EUG","OBSTACLE","77S"
"2026/05/14","HOBOW","THREE","ZLA","2020/09/10","Y","HOBOW3.HOBOW","SID","SNA"
"2026/05/14","HOCUT","FIVE","ZSE","2017/10/12","N","HOCUT5.HOCUT","SID","ACV"
"2026/05/14","HOLND","ONE","ZDC","2025/10/02","Y","HOLND1.HOLND","SID","ORF"
"2026/05/14","HOLYOKE","FOUR","ZDV","2016/07/21","Y","HOLYO4.NACIK","SID","HEQ"
"2026/05/14","HOMAN","FOUR","ZOA","2026/05/14","N","HOMAN4.HOMAN","SID","RDD"
"2026/05/14","HOMME","ONE","ZDV","2017/10/12","Y","HOMME1.HOMME","OBSTACLE","RCV"
"2026/05/14","HONOLULU","TWO","ZHN","2018/11/08","N","HNL2.HNL","OBSTACLE","HNL"
"2026/05/14","HOODO","SEVEN","ZHU","2021/10/07","Y","HOODO7.HOODO","SID","54T 6R3 AXH CXO DWH EFD GLS HOU HPY IAH IWS LBX LVJ SGR T00 T41 T78 TME"
"2026/05/14","HOOKS","TWO","ZOA","2016/09/15","N","HOOKS2.HOOKS","SID","NUQ"
"2026/05/14","HOOKZ","FIVE","ZDC","2021/12/02","Y","HOOKZ5.HOOKZ","SID","RDU"
"2026/05/14","HOOSIER","FIVE","ZID","2018/02/01","N","OOM5.OOM","SID","EYE GEZ HFY IND MQJ TYQ UMP"
"2026/05/14","HOOVER","EIGHT","ZLA","2022/09/08","N","HOOVR8.LAS","SID","LAS"
"2026/05/14","HOPEA","THREE","ZNY","2015/06/25","Y","HOPEA3.HOPEA","SID","LGA"
"2026/05/14","HOPRZ","ONE","ZTL","2025/11/27","Y","HOPRZ1.HOPRZ","SID","GSO INT"
"2026/05/14","HORTO","FOUR","ZDC","2020/12/31","Y","HORTO4.HORTO","SID","DCA"
"2026/05/14","HOT SPRINGS","TWO","ZDV","2016/07/21","N","HSR2.HSR","SID","HSR"
"2026/05/14","HOTRD","FIVE","ZME","2020/12/31","Y","HOTRD5.HOTRD","SID","MEM"
"2026/05/14","HRMNS","SIX","ZSE","2024/10/31","Y","HRMNS6.HRMNS","SID","PDX"
"2026/05/14","HROCK","TWO","ZMA","2023/04/20","Y","HROCK2.HROCK","SID","FLL FXE PMP"
"2026/05/14","HRPER","THREE","ZFW","2016/02/04","Y","HRPER3.HRPER","SID","DFW"
"2026/05/14","HSKEL","THREE","ZBW","2018/09/13","Y","HSKEL3.HSKEL","SID","PWM"
"2026/05/14","HUDAD","TWO","ZFW","2016/02/04","Y","HUDAD2.HUDAD","SID","DFW"
"2026/05/14","HUDSN (COPTER)","ONE","ZNY","2025/02/20","Y","HUDSN1.YOMAN","SID","6N5 JRA JRB"
"2026/05/14","HUGHES","ONE","ZAN","2021/12/02","Y","HUGHE1.MOGFO","OBSTACLE","HUS"
"2026/05/14","HUNTSVILLE","FOUR","ZME","2018/02/01","N","HSV4.HSV","SID","HSV"
"2026/05/14","HURCN","FOUR","ZMA","2024/03/21","Y","HURCN4.HURCN","SID","HST MIA OPF TMB X51"
"2026/05/14","HURIC","FOUR","ZDC","2021/02/25","Y","HURIC4.HURIC","SID","RDU"
"2026/05/14","HURTT","FIVE","ZDC","2024/10/31","Y","HURTT5.HURTT","SID","LYH"
"2026/05/14","HUSIL","THREE","ZMA","2022/05/19","Y","HUSIL3.HUSIL","SID","OPF"
"2026/05/14","HUSSH","TWO","ZOA","2015/06/25","Y","HUSSH2.HUSSH","SID","OAK"
"2026/05/14","HWRRD","ONE","ZLA","2025/06/12","Y","HWRRD1.HWRRD","SID","PSP"
"2026/05/14","HYLND","SEVEN","ZBW","2023/11/30","Y","HYLND7.HYLND","SID","BOS"
"2026/05/14","ICONS","SIX","ZTL","2026/05/14","Y","ICONS6.ICONS","SID","AKH CLT EQY IPJ JQF LKR RUQ UZA VUJ"
"2026/05/14","IDAHO FALLS","THREE","ZLC","2013/08/22","Y","IDA3.IDA","SID","U02"
"2026/05/14","IKONE","ONE","ZLA","2025/06/12","Y","IKONE1.IKONE","SID","PSP"
"2026/05/14","ILEXY","FOUR","ZHU","2023/06/15","Y","ILEXY4.ILEXY","SID","3R9 AUS EDC GTU HYI RYW T74"
"2026/05/14","INDIE","EIGHT","ZHU","2021/10/07","Y","INDIE8.INDIE","SID","54T 6R3 ARM AXH BYY CXO DWH EFD GLS HOU HPY IAH IWS LBX LVJ SGR T00 T41 T78 TME"
"2026/05/14","INDY","THREE","ZID","2025/06/12","N","INDY3.VHP","SID","IND"
"2026/05/14","INOTY","ONE","ZAP","2010/07/29","Y","INOTY1.INOTY","OBSTACLE","AKA"
"2026/05/14","INYOKERN","TWO","ZLA","2016/09/15","N","IYK2.LHS","SID","IYK"
"2026/05/14","IRVINE","FIVE","ZLA","2019/02/28","N","IRV5.IRV","SID","SNA"
"2026/05/14","ISBRG","ONE","ZSE","2018/07/19","Y","ISBRG1.ISBRG","SID","SEA"
"2026/05/14","ITAWU","TWO","ZAN","2020/09/10","Y","ITAWU2.ITAWU","OBSTACLE","PTH"
"2026/05/14","IYEFF","ONE","ZLC","2025/11/27","Y","IYEFF1.IYEFF","SID","IDA"
"2026/05/14","IZTIR","TWO","ZAB","2008/04/10","Y","IZTIR2.IZTIR","OBSTACLE","P13"
"2026/05/14","IZZZO","EIGHT","ZAB","2024/01/25","Y","IZZZO8.IZZZO","SID","CHD DVT GEU GYR IWA SDL"
"2026/05/14","JAAWS","TWO","ZSU","2020/03/26","N","JAAWS2.JAAWS","SID","SJU"
"2026/05/14","JACCC","TWO","ZTL","2016/11/10","Y","JACCC2.JACCC","SID","ATL"
"2026/05/14","JACKSON","ONE","ZSE","2017/01/05","N","JKSN1.OED","SID","MFR"
"2026/05/14","JACKSONVILLE","SEVEN","ZJX","2020/01/30","N","JAX7.JAX","SID","JAX"
"2026/05/14","JACKY","ONE","ZFW","2024/01/25","N","JACKY1.DFW","SID","DFW"
"2026/05/14","JADKO","TWO","ZLA","2026/03/19","Y","JADKO2.JADKO","SID","SBD"
"2026/05/14","JAHNY","SIX","ZKC","2021/08/12","Y","JAHNY6.JAHNY","SID","STL"
"2026/05/14","JALEX","THREE","ZAP","2018/11/08","Y","JALEX3.JALEX","SID","ADK"
"2026/05/14","JANKE","ONE","ZDV","2022/12/29","Y","JANKE1.JANKE","OBSTACLE","GNB"
"2026/05/14","JASPA","SEVEN","ZFW","2022/11/03","Y","JASPA7.JASPA","SID","DFW"
"2026/05/14","JATTS","ONE","ZLC","2008/06/05","Y","JATTS1.JATTS","OBSTACLE","AOC"
"2026/05/14","JBNCH","SIX","ZID","2024/03/21","Y","JBNCH6.JBNCH","SID","CVG"
"2026/05/14","JCOBY","FOUR","ZDC","2020/12/31","Y","JCOBY4.JCOBY","SID","IAD"
"2026/05/14","JCOXX","TWO","ZAB","2016/07/21","Y","JCOXX2.JCOXX","SID","ELP"
"2026/05/14","JDUBB","FOUR","ZDC","2020/12/31","Y","JDUBB4.JDUBB","SID","DAA DCA IAD JYO MRB OKV"
"2026/05/14","JEANY","ONE","ZTL","2025/11/27","Y","JEANY1.JEANY","SID","GSO INT"
"2026/05/14","JEDGI","TWO","ZOA","2022/05/19","N","JEDGI2.JEDGI","SID","PRB"
"2026/05/14","JEEMY","FOUR","ZJX","2025/06/12","Y","JEEMY4.JEEMY","SID","MCO"
"2026/05/14","JEEON","ONE","ZLA","2025/06/12","Y","JEEON1.JEEON","SID","PSP"
"2026/05/14","JEFPO","ONE","ZSE","2018/07/19","Y","JEFPO1.JEFPO","SID","SEA"
"2026/05/14","JELIE","ONE","ZHN","2021/02/25","Y","JELIE1.JELIE","SID","JRF"
"2026/05/14","JEMEZ","THREE","ZAB","2015/06/25","Y","JEMEZ3.JEMEZ","SID","ABQ"
"2026/05/14","JENER","FOUR","ZOB","2016/07/21","N","JENER4.JENER","SID","JST"
"2026/05/14","JERES","TWO","ZDC","2015/10/15","Y","JERES2.JERES","SID","IAD"
"2026/05/14","JERID","FIVE","ZLA","2016/09/15","Y","JERID5.JERID","SID","MHV"
"2026/05/14","JETIN","TWO","ZJX","2015/01/08","Y","JETIN2.JETIN","SID","JAX"
"2026/05/14","JETSS","ONE","ZSU","1996/10/10","N","JETSS1.JETSS","SID","SJU"
"2026/05/14","JEWLZ","TWO","ZAB","2026/01/22","Y","JEWLZ2.JEWLZ","SID","P19"
"2026/05/14","JHART","SEVEN","ZKC","2021/10/07","Y","JHART7.JHART","SID","STL"
"2026/05/14","JIMPA","TWO","ZOA","2010/09/23","Y","JIMPA2.JIMPA","OBSTACLE","CXP"
"2026/05/14","JITKA","TWO","ZLA","2016/03/31","N","JITKA2.JITKA","OBSTACLE","SGU"
"2026/05/14","JMAAL","FOUR","ZAN","0202/10/02","N","JMAAL4.NAKED","OBSTACLE","VDZ"
"2026/05/14","JOE POOL","EIGHT","ZFW","2025/08/07","N","JPOOL8.TTT","SID","50F ADS AFW CPT DAL DFW DTO F46 FTW FWS GKY GPM HQZ JWY LNC LUD NFW RBD TKI WEA"
"2026/05/14","JOGMO","ONE","ZAN","2007/05/10","Y","JOGMO1.JOGMO","OBSTACLE","AKK"
"2026/05/14","JOHKR","FIVE","ZLA","2024/12/26","Y","JOHKR5.JOHKR","SID","LAS"
"2026/05/14","JOHN TUNE","ONE","ZME","2023/11/30","N","NOT ASSIGNED","SID","JWN"
"2026/05/14","JOJJO","SIX","ZTL","2026/05/14","Y","JOJJO6.JOJJO","SID","AKH CLT EQY IPJ JQF LKR RUQ UZA VUJ"
"2026/05/14","JONHH","TWO","ZAB","2019/06/20","N","JONHH2.JONHH","SID","SDL"
"2026/05/14","JORJO","FIVE","ZAU","2018/02/01","Y","JORJO5.JORJO","SID","PWK UGN"
"2026/05/14","JTEEE","FIVE","ZME","2020/12/31","Y","JTEEE5.JTEEE","SID","MEM"
"2026/05/14","JUDTH","SEVEN","ZAB","2018/05/24","Y","JUDTH7.JUDTH","SID","CHD DVT GEU GYR IWA SDL"
"2026/05/14","JUNCTION","ONE","ZHU","2017/06/22","N","JCT1.JCT","SID","CXO DWH IAH"
"2026/05/14","JUNEAU","SEVEN","ZAN","2026/01/22","N","JNU7.SSR","OBSTACLE","JNU"
"2026/05/14","JUNPR","SIX","ZTL","2022/07/14","Y","JUNPR6.JUNPR","SID","AGS AIK"
"2026/05/14","JUTES","FOUR","ZNY","2024/12/26","Y","JUTES4.JUTES","SID","LGA"
"2026/05/14","KACIR","TWO","ZLA","2011/12/15","Y","KACIR2.KACIR","SID","KNB"
"2026/05/14","KAJIN","TWO","ZTL","2016/11/10","Y","KAJIN2.KAJIN","SID","ATL"
"2026/05/14","KAKE","ONE","ZAN","2024/10/31","Y","KAKE1.LVD","OBSTACLE","AFE"
"2026/05/14","KALAE","ONE","ZHN","2021/02/25","Y","KALAE1.KALAE","SID","MKK"
"2026/05/14","KALAUPAPA","ONE","ZHN","2014/02/06","N","LUP1.LUP","OBSTACLE","LUP"
"2026/05/14","KALLI","SEVEN","ZDC","2021/12/02","Y","KALLI7.KALLI","SID","RIC"
"2026/05/14","KAMUELA","ONE","ZHN","2026/01/22","N","KAMUE1.KAMUE","OBSTACLE","MUE"
"2026/05/14","KAOLN","SIX","ZTL","2019/02/28","Y","KAOLN6.KAOLN","SID","AGS AIK"
"2026/05/14","KARPS","TWO","ZSE","2019/01/03","Y","KARPS2.KARPS","OBSTACLE","65S"
"2026/05/14","KARRR","SEVEN","ZHU","2022/12/29","Y","KARRR7.KARRR","SID","54T 6R3 AXH CXO DWH EFD GLS HPY IWS LBX LVJ SGR T00 T41 T78 TME"
"2026/05/14","KATFH","THREE","ZOA","2021/08/12","Y","KATFH3.KATFH","SID","OAK"
"2026/05/14","KATMN","SIX","ZAB","2018/05/24","Y","KATMN6.KATMN","SID","CHD DVT GEU GYR IWA SDL"
"2026/05/14","KATZZ","TWO","ZFW","2016/02/04","Y","KATZZ2.KATZZ","SID","DFW"
"2026/05/14","KAUAI","TWO","ZHN","2024/05/16","N","KAUAI2.KAUAI","OBSTACLE","LIH"
"2026/05/14","KAUNAKAKAI","ONE","ZHN","2014/05/29","N","HMK1.MKK","OBSTACLE","MKK"
"2026/05/14","KAYLN","THREE","ZOB","2024/05/16","Y","KAYLN3.KAYLN","SID","ARB DET DTW MTC ONZ OZW PTK TTF VLL YIP"
"2026/05/14","KBREW","TWO","ZMP","2024/05/16","N","KBREW2.KBREW","SID","ANE FCM MSP STP"
"2026/05/14","KEAHI","THREE","ZHN","1994/01/06","N","KEAHI3.KEAHI","SID","HNL"
"2026/05/14","KEENE","SIX","ZFW","2025/06/12","N","KEENE6.DFW","SID","DFW"
"2026/05/14","KEENS","THREE","ZAB","2024/01/25","Y","KEENS3.KEENS","SID","PHX"
"2026/05/14","KELSO","TWO","ZSE","2020/11/05","Y","KELSO2.KELNG","OBSTACLE","KLS"
"2026/05/14","KEMRR","FIVE","ZLC","2016/07/21","Y","KEMRR5.FBR","SID","EMM"
"2026/05/14","KENDL","FIVE","ZOA","2026/05/14","N","KENDL5.KENDL","SID","RDD"
"2026/05/14","KENLN","SIX","ZID","2024/03/21","Y","KENLN6.KENLN","SID","CVG"
"2026/05/14","KENNEDY","FIVE","ZNY","2018/07/19","N","JFK5.JFK","SID","JFK"
"2026/05/14","KENT","ONE","ZSE","2025/11/27","N","KENT1.ZIGED","SID","BFI"
"2026/05/14","KEOLA","THREE","ZHN","2021/02/25","N","KEOLA3.KEOLA","SID","HNL"
"2026/05/14","KERMIT","FIVE","ZTL","2026/05/14","N","KER5.KER","SID","AKH CLT EQY IPJ JQF LKR RUQ UZA VUJ"
"2026/05/14","KETCHIKAN","SIX","ZAN","2018/07/19","N","CETK6.ANN","OBSTACLE","KTN"
"2026/05/14","KIAWAH","TWO","ZJX","2020/11/05","Y","KIAWA2.LGRHD","SID","JZI"
"2026/05/14","KILNS","SIX","ZTL","2026/05/14","Y","KILNS6.KILNS","SID","AKH CLT EQY IPJ JQF LKR RUQ UZA VUJ"
"2026/05/14","KINGDOM","FIVE","ZFW","2025/04/17","N","KING5.TTT","SID","50F ADS AFW CPT DAL DFW DTO F41 F46 FTW FWS GKY GPM HQZ JWY LNC LUD NFW RBD TKI WEA"
"2026/05/14","KINGS","TWO","ZTL","2020/07/16","N","KINGS2.KINGS","SID","TRI"
"2026/05/14","KINGSLEY","SEVEN","ZSE","2024/10/31","N","LMT7.LMT","SID","LMT"
"2026/05/14","KKIDS","ONE","ZOB","2018/07/19","Y","KKIDS1.KKIDS","SID","CLE"
"2026/05/14","KKITY","FIVE","ZFW","2019/12/05","Y","KKITY5.KKITY","SID","DAL"
"2026/05/14","KLADA","TWO","ZMA","2022/05/19","Y","KLADA2.KLADA","SID","MIA"
"2026/05/14","KLAMATH FALLS","ONE","ZSE","2022/12/29","Y","MFR1.LMT","SID","MFR"
"2026/05/14","KLAWOCK","ONE","ZAN","2022/07/14","Y","KLWCK1.UDENE","OBSTACLE","AKW"
"2026/05/14","KLSHN","TWO","ZVR","2025/04/17","Y","KLSHN2.KLSHN","SID","BLI"
"2026/05/14","KNIGHTS","FOUR","ZTL","2026/04/16","N","KNI4.KNI","SID","AKH CLT EQY IPJ JQF LKR RUQ UZA VUJ"
"2026/05/14","KNIK","THREE","ZAN","2020/11/05","N","NOT ASSIGNED","SID","ANC"
"2026/05/14","KNOST","TWO","ZMA","2022/04/21","Y","KNOST2.KNOST","SID","TPA"
"2026/05/14","KNOXVILLE","SEVEN","ZTL","2021/08/12","N","NOT ASSIGNED","SID","TYS"
"2026/05/14","KNURL","ONE","ZLC","2009/12/17","N","KNURL1.KNURL","OBSTACLE","PIH"
"2026/05/14","KODIAK","SEVEN","ZAN","2015/10/15","N","KODI7.ODK","OBSTACLE","ADQ"
"2026/05/14","KREST","THREE","ZOA","1995/03/30","N","KREST3.KREST","SID","RDD"
"2026/05/14","KRITR","SEVEN","ZTL","2026/04/16","Y","KRITR7.KRITR","SID","AKH CLT EQY IPJ JQF LKR RUQ UZA VUJ"
"2026/05/14","KRMSN","FOUR","ZFW","2021/10/07","Y","KRMSN4.KRMSN","SID","OKC OUN PWA"
"2026/05/14","KRSTA","FOUR","ZME","2025/11/27","Y","KRSTA4.KRSTA","SID","BNA"
"2026/05/14","KRUMM","ONE","ZFW","2022/09/08","N","KRUMM1.FUZ","SID","DAL"
"2026/05/14","KSHEE","FIVE","ZKC","2018/07/19","Y","KSHEE5.KSHEE","SID","STL"
"2026/05/14","KUMBA","ONE","ZLA","2008/04/10","Y","KUMBA1.KUMBA","SID","L08"
"2026/05/14","KUSSO","THREE","ZFW","2026/04/16","Y","KUSSO3.KUSSO","SID","50F ADS AFW CPT DAL DFW DTO F41 F46 FTW FWS GKY GPM HQZ JWY LNC LUD NFW RBD TKI WEA"
"2026/05/14","KWANG","SIX","ZLA","2025/04/17","N","KWANG6.KWANG","SID","SBA"
"2026/05/14","KWEEN","SIX","ZTL","2026/05/14","Y","KWEEN6.KWEEN","SID","AKH CLT EQY IPJ JQF LKR RUQ UZA VUJ"
"2026/05/14","KYLOW","ONE","ZLA","2024/07/11","Y","KYLOW1.KYLOW","SID","LAX"
"2026/05/14","KZLOV","TWO","ZOB","2024/05/16","Y","KZLOV2.WINNZ","SID","ARB DET DTW MTC ONZ OZW PTK TTF VLL YIP"
"2026/05/14","LA GRANDE","ONE","ZSE","2021/10/07","N","LGD1.LGD","OBSTACLE","LGD"
"2026/05/14","LADYJ","FOUR","ZLA","2018/02/01","Y","LADYJ4.LADYJ","SID","LAX"
"2026/05/14","LAGUARDIA","SEVEN","ZNY","2020/12/31","N","LGA7.LGA","SID","LGA"
"2026/05/14","LAKE CHARLES","FIVE","ZHU","2017/06/22","N","LCH5.LCH","SID","CXO DWH IAH"
"2026/05/14","LAKE HUGHES","TWO","ZLA","2004/09/30","Y","LHS2.LHS","OBSTACLE","IYK"
"2026/05/14","LAKEPORT","THREE","ZOA","2016/09/15","Y","LAKPT3.ENI","SID","1O2"
"2026/05/14","LAKES","FIVE","ZKC","2023/10/05","N","LAKES5.MCI","SID","FLV GPH IXD LXT MCI MKC OJC STJ"
"2026/05/14","LALUZ","SIX","ZAB","2018/05/24","Y","LALUZ6.LALUZ","SID","CHD DVT GEU GYR IWA SDL"
"2026/05/14","LAMON","FOUR","ZLC","2025/10/02","Y","LAMON4.LAMON","OBSTACLE","DIJ"
"2026/05/14","LAMPS","NINE","ZFW","2026/04/16","N","LAMPS9.AGJ","SID","GRK HLR ILE"
"2026/05/14","LARAMIE","ONE","ZDV","2012/04/05","N","LAR1.LAR","OBSTACLE","LAR"
"2026/05/14","LARGO","THREE","ZAB","2017/10/12","N","LARGO3.ABQ","SID","ABQ"
"2026/05/14","LATVE","THREE","ZAB","2016/07/21","Y","LATVE3.LATVE","SID","ELP"
"2026/05/14","LAVAA","SEVEN","ZSE","2024/10/31","Y","LAVAA7.LAVAA","SID","PDX"
"2026/05/14","LAWRENCE","TWO","ZBW","2022/12/29","N","LWM2.LWM","SID","LWM"
"2026/05/14","LAXX","ONE","ZLA","2017/08/17","N","LAXX1.SLI","SID","LAX"
"2026/05/14","LBSTA","EIGHT","ZBW","2023/11/30","Y","LBSTA8.LBSTA","SID","BOS"
"2026/05/14","LEDVE","ONE","ZDV","2010/04/08","N","LEDVE1.CEZ","OBSTACLE","CEZ"
"2026/05/14","LEEAH","SIX","ZDC","2025/08/07","N","LEEAH6.LEEAH","SID","MIV"
"2026/05/14","LEINY","SIX","ZMP","2017/08/17","Y","LEINY6.LEINY","SID","MSP"
"2026/05/14","LEJON","FIVE","ZHU","2025/08/07","N","LEJON5.LEJON","SID","SAT SSF"
"2026/05/14","LEONA","FOUR","ZHU","2021/10/07","N","LOA4.LOA","SID","AXH CXO DWH EFD GLS HOU IAH IWS LBX SGR T41 TME"
"2026/05/14","LEVEL ISLAND","THREE","ZAN","2017/08/17","N","LVD3.LVD","OBSTACLE","WRG"
"2026/05/14","LGANN","ONE","ZLA","2025/06/12","Y","LGANN1.LGANN","SID","PSP"
"2026/05/14","LGRHD","THREE","ZJX","2020/11/05","Y","LGRHD3.LGRHD","SID","CHS"
"2026/05/14","LGTNG","FIVE","ZMA","2025/11/27","N","LGTNG5.LGTNG","SID","TPA"
"2026/05/14","LIBERTY","FIVE","ZNY","2020/09/10","N","LIB5.LIB","SID","EWR"
"2026/05/14","LIBRT","THREE","ZDC","2019/01/03","Y","LIBRT3.LIBRT","SID","LYH"
"2026/05/14","LIDDS","FOUR","ZOB","2025/04/17","Y","LIDDS4.LIDDS","SID","ARB DET DTW MTC ONZ OZW PTK TTF VLL YIP"
"2026/05/14","LIFRR","TWO","ZMA","2024/03/21","Y","LIFRR2.LIFRR","SID","FLL FXE HST MIA OPF PMP TMB X51"
"2026/05/14","LIHUE","SIX","ZHN","2023/02/23","N","LIHUE6.BOOKE","SID","LIH"
"2026/05/14","LILLI","FIVE","ZOB","2023/11/30","N","LILLI5.LILLI","SID","JST"
"2026/05/14","LILLS","FOUR","ZTL","2026/05/14","Y","LILLS4.LILLS","SID","AKH CLT EQY IPJ JQF LKR RUQ UZA VUJ"
"2026/05/14","LINDBERG","TWO","ZHN","2014/02/06","Y","LNBRG2.LNBRG","OBSTACLE","HNM"
"2026/05/14","LINDBERGH","NINE","ZKC","2025/11/27","N","LINDY9.STL","SID","ALN BLV CPS STL SUS"
"2026/05/14","LINDZ","ONE","ZDV","2024/05/16","N","LINDZ1.LINDZ","SID","ASE"
"2026/05/14","LINSE","TWO","ZDC","2025/02/20","Y","LINSE2.LINSE","SID","BWI DMW ESN FDK GAI MTN"
"2026/05/14","LITTLE RIVER","ONE","ZOA","2010/06/03","Y","LTLRV1.LTLRV","OBSTACLE","LLR"
"2026/05/14","LIVERMORE","THREE","ZOA","2017/12/07","N","LVK3.ALTAM","OBSTACLE","LVK"
"2026/05/14","LIVINGSTON","TWO","ZLC","2018/11/08","N","LVM2.LVM","OBSTACLE","LVM"
"2026/05/14","LIZRD","SIX","ZOA","2026/05/14","N","LIZRD6.LIZRD","SID","APC"
"2026/05/14","LLADN","ONE","ZDV","2014/04/03","Y","LLADN1.LLADN","SID","W43"
"2026/05/14","LLIZY","ONE","ZID","2024/07/11","Y","LLIZY1.LLIZY","SID","SDF"
"2026/05/14","LLRGO","ONE","ZMA","2024/05/16","Y","LLRGO1.LLRGO","SID","PIE"
"2026/05/14","LNDRE","FIVE","ZFW","2019/12/05","Y","LNDRE5.LNDRE","SID","DAL"
"2026/05/14","LOGAN","FOUR","ZBW","2022/09/08","N","LOGAN4.BOS","SID","BOS"
"2026/05/14","LOHLA","THREE","ZLA","2022/11/03","Y","LOHLA3.LOHLA","SID","LAS"
"2026/05/14","LOKRD","ONE","ZID","2024/07/11","Y","LOKRD1.LOKRD","SID","SDF"
"2026/05/14","LONG ISLAND","SEVEN","ZNY","2019/01/03","N","LONGI7.ISP","SID","ISP"
"2026/05/14","LOUPE","ONE","ZOA","2024/04/18","Y","LOUPE1.BMRNG","SID","SJC"
"2026/05/14","LOVE","SEVEN","ZFW","2024/12/26","N","LOVE7.TTT","SID","DAL"
"2026/05/14","LOVEY","EIGHT","ZID","2025/08/07","Y","LOVEY8.LOVEY","SID","CVG"
"2026/05/14","LOWGN","EIGHT","ZFW","2018/03/29","Y","LOWGN8.LOWGN","SID","DFW"
"2026/05/14","LOZUL","FOUR","ZDV","2019/02/28","Y","LOZUL4.LOZUL","OBSTACLE","LXV"
"2026/05/14","LUCYL","SIX","ZDC","2019/12/05","Y","LUCYL6.LUCYL","SID","RIC"
"2026/05/14","LUFKIN","FOUR","ZHU","2025/11/27","N","LFK4.LFK","SID","AXH CXO DWH EFD GLS HOU IAH IWS LBX SGR T41 TME"
"2026/05/14","LUNDI","TWO","ZLC","2006/09/28","Y","LUNDI2.LUNDI","OBSTACLE","AFO"
"2026/05/14","LURIC","EIGHT","ZHU","2021/10/07","Y","LURIC8.LURIC","SID","54T 6R3 ARM AXH BYY CXO DWH EFD GLS HOU HPY IAH IWS LBX LVJ SGR T00 T41 T78 TME"
"2026/05/14","LWOOD","FIVE","ZDC","2021/12/02","Y","LWOOD5.LWOOD","SID","RDU"
"2026/05/14","MANCHESTER","ONE","ZBW","2021/02/25","N","NOT ASSIGNED","SID","MHT"
"2026/05/14","MANITO","ONE","ZSE","2023/06/15","N","MNITO1.GEG","OBSTACLE","SFF"
"2026/05/14","MAREO","ONE","ZID","2026/05/14","Y","MAREO1.MAREO","SID","EYE GEZ HFY IND MQJ TYQ UMP"
"2026/05/14","MARFA","TWO","ZAB","2024/12/26","Y","MARFA2.MRF","OBSTACLE","T89"
"2026/05/14","MARIC","FOUR","ZLA","2016/05/26","N","MARIC4.MARIC","SID","BFL"
"2026/05/14","MARICOPA","ONE","ZAB","2010/02/11","N","MRRIC1.PXR","OBSTACLE","SDL"
"2026/05/14","MARVN","ONE","ZAN","2021/10/07","Y","MARVN1.MARVN","OBSTACLE","05K"
"2026/05/14","MAUI","FIVE","ZHN","1999/09/09","N","MAUI5.OGG","SID","OGG"
"2026/05/14","MAULA","ONE","ZHN","2021/02/25","Y","MAULA1.MAULA","SID","MKK"
"2026/05/14","MAYNR","THREE","ZMA","2024/10/31","Y","MAYNR3.MAYNR","SID","FLL FXE HST MIA OPF PMP TMB X51"
"2026/05/14","MAYSA","SEVEN","ZAB","2020/05/21","Y","MAYSA7.MAYSA","SID","CHD DVT GEU GYR IWA SDL"
"2026/05/14","MCCARRAN","EIGHT","ZLA","2025/04/17","N","MCCRN8.LAS","SID","LAS"
"2026/05/14","MCKINLEY","FOUR","ZAN","2023/08/10","N","MKNLY4.TKA","SID","FAI"
"2026/05/14","MCRAY","TWO","ZDC","2015/10/15","Y","MCRAY2.MCRAY","SID","IAD"
"2026/05/14","MEADO","TWO","ZLC","2024/12/26","Y","MEADO2.MEADO","SID","BZN"
"2026/05/14","MEADOW LAKE","FIVE","ZMP","2022/09/08","N","MEDOW5.MSP","SID","MSP"
"2026/05/14","MEARZ","SEVEN","ZID","2022/05/19","N","MEARZ7.MEARZ","SID","EYE GEZ HFY IND MQJ TYQ UMP"
"2026/05/14","MECCA","ONE","ZLA","2016/09/15","N","MECCA1.TRM","SID","TRM"
"2026/05/14","MEEKER","FOUR","ZDV","2024/05/16","N","EKR4.EKR","SID","EGE"
"2026/05/14","MELBOURNE","EIGHT","ZJX","2025/06/12","N","MLB8.MLB","SID","MLB"
"2026/05/14","MELLR","ONE","ZSE","2016/11/10","Y","MELLR1.MELLR","OBSTACLE","GIC"
"2026/05/14","MELLZ","TWO","ZMA","2022/05/19","Y","MELLZ2.MELLZ","SID","HST TMB X51"
"2026/05/14","MENDOCINO","ONE","ZOA","2004/08/05","Y","ENI1.ENI","OBSTACLE","O28"
"2026/05/14","MERLOT","FOUR","ZOA","2026/05/14","N","MER4.SGD","SID","APC"
"2026/05/14","MERRILL","ONE","ZAN","2024/03/21","Y","PAMR1.BGQ","SID","MRI"
"2026/05/14","MESA","ONE","ZAB","2010/07/29","N","MESA1.MESA","OBSTACLE","FFZ"
"2026/05/14","METRO","FOUR","ZOB","2024/09/05","N","METRO4.DXO","SID","ARB DET DTW PTK YIP"
"2026/05/14","MIAMI","TWO","ZMA","2024/12/26","N","MIA2.MIA","SID","HWO MIA OPF TMB"
"2026/05/14","MIDWAY","EIGHT","ZAU","2025/06/12","N","NOT ASSIGNED","SID","MDW"
"2026/05/14","MIGGY","THREE","ZOB","2024/05/16","Y","MIGGY3.MIGGY","SID","ARB DET DTW MTC ONZ OZW PTK TTF VLL YIP"
"2026/05/14","MIKAA","ONE","ZLA","2017/04/27","Y","MIKAA1.MIKAA","SID","SNA"
"2026/05/14","MINDEN","THREE","ZOA","2026/04/16","Y","MINDN3.VIKES","OBSTACLE","MEV"
"2026/05/14","MINES","ONE","ZLC","2013/08/22","Y","MINES1.MINES","OBSTACLE","05U"
"2026/05/14","MINGY","ONE","ZAB","2016/05/26","Y","MINGY1.MINGY","OBSTACLE","P52"
"2026/05/14","MINNE","FIVE","ZSE","2015/01/08","Y","MINNE5.MINNE","SID","PDX"
"2026/05/14","MINNEAPOLIS","NINE","ZMP","2022/09/08","N","MSP9.MSP","SID","MSP"
"2026/05/14","MISHN","FIVE","ZLA","2025/11/27","Y","MISHN5.MISHN","SID","SBA"
"2026/05/14","MISSION BAY","TWO","ZLA","2021/04/22","N","MZB2.MZB","OBSTACLE","SEE"
"2026/05/14","MISTY","SIX","ZTL","2018/07/19","Y","MISTY6.HADOC","SID","DNL HQU"
"2026/05/14","MITCHELL","NINE","ZAU","2023/08/10","N","MKE9.BUBLR","SID","MKE"
"2026/05/14","MIXAE","FOUR","ZMA","2026/01/22","Y","MIXAE4.MIXAE","SID","PBI"
"2026/05/14","MLTRE","THREE","ZJX","2023/04/20","Y","MLTRE3.MLTRE","SID","CHS"
"2026/05/14","MMALT","SEVEN","ZHU","2023/11/30","Y","MMALT7.MMALT","SID","54T 6R3 ARM AXH BYY CXO DWH EFD GLS HPY IWS LBX LVJ SGR T00 T41 T78 TME"
"2026/05/14","MMORK","ONE","ZOA","2024/01/25","Y","MMORK1.MMORK","SID","STS"
"2026/05/14","MMOTO","TWO","ZLA","2017/10/12","Y","MMOTO2.MMOTO","SID","SAN"
"2026/05/14","MMUGS","FOUR","ZHU","2015/12/10","Y","MMUGS4.MMUGS","SID","IAH"
"2026/05/14","MNZNO","THREE","ZAB","2015/06/25","Y","MNZNO3.MNZNO","SID","ABQ"
"2026/05/14","MOBIE","FOUR","ZAB","2015/06/25","N","MOBIE4.MOBIE","SID","PHX"
"2026/05/14","MOCAA","FOUR","ZSE","2022/01/27","Y","MOCAA4.MOCAA","SID","TCM"
"2026/05/14","MOLEN","NINE","ZOA","2022/01/27","N","MOLEN9.MOLEN","SID","SFO"
"2026/05/14","MOLOKAI","FIVE","ZHN","2022/11/03","N","MKK5.MKK","SID","HNL"
"2026/05/14","MONAT","FOUR","ZDC","2024/10/31","Y","MONAT4.MONAT","SID","ROA"
"2026/05/14","MONKZ","FIVE","ZAU","2018/02/01","Y","MONKZ5.MONKZ","SID","PWK UGN"
"2026/05/14","MONTEREY","FIVE","ZOA","2019/01/03","N","MRY5.MRY","SID","MRY"
"2026/05/14","MONTROSE","TWO","ZDV","2013/10/17","N","MTJ2.MTJ","OBSTACLE","MTJ"
"2026/05/14","MONUMENT","THREE","ZDV","2024/05/16","N","MONMT3.JNC","OBSTACLE","GJT"
"2026/05/14","MOOKY","SIX","ZMA","2020/12/31","N","MOOKY6.MOOKY","SID","RSW"
"2026/05/14","MOOOS","TWO","ZLA","2017/08/17","Y","MOOOS2.MOOOS","SID","LAX"
"2026/05/14","MORRISTOWN","SEVEN","ZNY","2019/02/28","N","MMU7.MMU","OBSTACLE","MMU"
"2026/05/14","MOUNTAIN","TWO","ZSE","2022/07/14","N","MONTN2.SEA","SID","SEA"
"2026/05/14","MOUNTY","FIVE","ZDC","2022/05/19","N","MTY5.MTY","SID","FAY"
"2026/05/14","MOWGL","TWO","ZOA","2023/08/10","Y","MOWGL2.MOWGL","SID","TRK"
"2026/05/14","MRBIL","ONE","ZAB","2018/05/24","Y","MRBIL1.MRBIL","SID","PHX"
"2026/05/14","MRIAS","THREE","ZLC","2016/07/21","Y","MRIAS3.MRIAS","SID","CTB"
"2026/05/14","MRSHH","TWO","ZDV","2020/12/31","Y","MRSHH2.MRSHH","SID","APA BJC CFO FNL GXY LMO"
"2026/05/14","MRSSH","THREE","ZFW","2022/09/08","Y","MRSSH3.MRSSH","SID","DFW"
"2026/05/14","MUCKY","THREE","ZHU","2021/04/22","Y","MUCKY3.MUCKY","SID","3R9 AUS EDC GTU HYI RYW T74"
"2026/05/14","MUDDE","THREE","ZFW","2017/12/07","Y","MUDDE3.MUDDE","SID","OKC OUN PWA"
"2026/05/14","MUELR","FOUR","ZLA","2017/08/17","Y","MUELR4.FIXIT","SID","LAX"
"2026/05/14","MUJUD","ONE","ZAN","2023/10/05","Y","MUJUD1.MUJUD","SID","TER"
"2026/05/14","MUSEL","EIGHT","ZLA","2016/11/10","N","MUSEL8.MUSEL","SID","SNA"
"2026/05/14","MUSTANG","ONE","ZOA","2024/03/21","N","FMG1.FMG","SID","RNO"
"2026/05/14","MYCAR","FIVE","ZOB","2025/11/27","Y","MYCAR5.MYCAR","SID","BKL CGF LNN LPR"
"2026/05/14","MYZNR","THREE","ZMA","2024/10/31","Y","MYZNR3.MYZNR","SID","BCT"
"2026/05/14","MZULA","FIVE","ZLC","2018/05/24","N","MZULA5.IPPUG","SID","MSO"
"2026/05/14","MZULO","THREE","ZJX","2022/05/19","Y","MZULO3.MZULO","SID","MCO"
"2026/05/14","NACHES","FOUR","ZSE","2016/11/10","N","NOT ASSIGNED","SID","YKM"
"2026/05/14","NAKED","SIX","ZAN","2016/07/21","N","NAKED6.NAKED","SID","VDZ"
"2026/05/14","NANDR","FOUR","ZFW","2026/05/14","Y","NANDR4.NANDR","SID","50F ADS AFW CPT DTO F46 FTW FWS GKY GPM HQZ LNC LUD NFW RBD TKI WEA"
"2026/05/14","NAPAA","FOUR","ZOA","2019/10/10","N","NAPAA4.NAPAA","OBSTACLE","APC"
"2026/05/14","NAPLES","SIX","ZMA","2025/02/20","N","APF6.APF","SID","APF"
"2026/05/14","NARROWS","ONE","ZSE","2011/06/30","N","NOT ASSIGNED","SID","TIW"
"2026/05/14","NASHVILLE","SEVEN","ZME","2020/12/31","N","NOT ASSIGNED","SID","BNA"
"2026/05/14","NASSA","TWO","ZTL","2016/11/10","Y","NASSA2.NASSA","SID","ATL"
"2026/05/14","NATCA","FIVE","ZKC","2018/07/19","Y","NATCA5.NATCA","SID","STL"
"2026/05/14","NATIONAL","EIGHT","ZDC","2021/10/07","N","NATNL8.NATNL","SID","DCA"
"2026/05/14","NDINA","FIVE","ZTL","2018/07/19","Y","NDINA5.NDINA","SID","DNL HQU"
"2026/05/14","NEEDLE","THREE","ZSE","2025/11/27","N","NOT ASSIGNED","SID","BFI"
"2026/05/14","NELLL","ONE","ZSE","2021/12/02","Y","NELLL1.NELLL","OBSTACLE","4S1"
"2026/05/14","NELYN","SIX","ZFW","2019/10/10","Y","NELYN6.NELYN","SID","DFW"
"2026/05/14","NEPHI","TWO","ZLC","2017/08/17","Y","U142.DTA","OBSTACLE","U14"
"2026/05/14","NEVUE","THREE","ZAB","2016/07/21","Y","NEVUE3.NEVUE","SID","ELP"
"2026/05/14","NEWARK","FIVE","ZNY","2023/11/30","N","EWR5.EWR","SID","EWR"
"2026/05/14","NEWBERG","TWO","ZSE","2017/04/27","Y","UBG2.UBG","SID","UAO"
"2026/05/14","NEWHALL","TWO","ZLA","2026/05/14","N","NUAL2.IPIHO","SID","VNY"
"2026/05/14","NEWPORT","ONE","ZSE","2016/07/21","N","ONP1.ONP","OBSTACLE","ONP"
"2026/05/14","NICQE","ONE","ZLC","2026/05/14","Y","NICQE1.NICQE","SID","COD"
"2026/05/14","NIITE","FOUR","ZOA","2024/07/11","Y","NIITE4.NIITE","SID","SFO"
"2026/05/14","NIITZ","FOUR","ZLA","2024/10/31","Y","NIITZ4.NIITZ","SID","LAS"
"2026/05/14","NIKEI","FIVE","ZME","2020/12/31","Y","NIKEI5.NIKEI","SID","MEM"
"2026/05/14","NIKKL","ONE","ZLA","2016/05/26","N","NIKKL1.PDZ","SID","ONT"
"2026/05/14","NIKOL","TWO","ZOA","2021/05/20","N","NIKOL2.NIKOL","OBSTACLE","MMH"
"2026/05/14","NIMITZ","SIX","ZOA","2026/05/14","N","NIMI6.OAK","SID","OAK"
"2026/05/14","NNOCE","TWO","ZMA","2023/04/20","Y","NNOCE2.NNOCE","SID","MIA"
"2026/05/14","NOEND","FOUR","ZAN","2018/02/01","Y","NOEND4.NOEND","SID","ANC"
"2026/05/14","NOGALES","THREE","ZAB","2024/03/21","N","OLS3.OLS","OBSTACLE","OLS"
"2026/05/14","NOKXI","TWO","ZDV","2024/05/16","Y","NOKXI2.NOKXI","SID","GJT"
"2026/05/14","NORRA","ONE","ZLA","2024/01/25","Y","NORRA1.NORRA","OBSTACLE","AZC"
"2026/05/14","NORTH BEND","SEVEN","ZSE","2020/03/26","N","OTH7.OTH","SID","OTH"
"2026/05/14","NORTHTOWN","FIVE","ZLA","2018/11/08","N","NOTWN5.LAS","SID","VGT"
"2026/05/14","NORTHWAY","ONE","ZAN","2024/07/11","N","ORT1.ORT","OBSTACLE","ORT"
"2026/05/14","NORWOOD","FIVE","ZBW","2024/03/21","N","OWD5.OWD","SID","OWD"
"2026/05/14","NPLII","TWO","ZHN","2015/08/20","Y","NPLII2.SAKKI","SID","OGG"
"2026/05/14","NRVNA","ONE","ZSE","2017/10/12","Y","NRVNA1.NRVNA","SID","BFI"
"2026/05/14","NTHNS","SIX","ZNY","2024/12/26","Y","NTHNS6.NTHNS","SID","LGA"
"2026/05/14","NUBLE","FOUR","ZBW","2018/09/13","Y","NUBLE4.NUBLE","SID","PWM"
"2026/05/14","NUCLA","TWO","ZDV","2022/03/24","Y","NUCLA2.NUCLA","OBSTACLE","AIB"
"2026/05/14","NUEVO","EIGHT","ZOA","2016/09/15","N","NUEVO8.EUGEN","SID","OAK"
"2026/05/14","NUTIY","ONE","ZDC","2025/10/02","Y","NUTIY1.NUTIY","SID","ORF"
"2026/05/14","NYTES","TWO","ZJX","2024/03/21","Y","NYTES2.NYTES","SID","ORL"
"2026/05/14","O'HARE","NINE","ZAU","2025/10/02","N","NOT ASSIGNED","SID","ORD"
"2026/05/14","OAKLAND","SIX","ZOA","2024/01/25","N","OAK6.OAK","SID","OAK"
"2026/05/14","OBENE","THREE","ZAU","2018/11/08","Y","OBENE3.OBENE","SID","ARR DPA LOT"
"2026/05/14","OCEANSIDE","ONE","ZLA","2024/10/31","N","OCN1.OCN","OBSTACLE","OKB"
"2026/05/14","ODKAE","ONE","ZAB","2022/01/27","N","ODKAE1.ODKAE","OBSTACLE","E38"
"2026/05/14","OENNS","ONE","ZOA","2015/03/05","Y","OENNS1.OENNS","SID","MMH"
"2026/05/14","OFARO","TWO","ZSE","2016/11/10","Y","OFARO2.OFARO","SID","EAT"
"2026/05/14","OGDEN","ONE","ZLC","2023/06/15","N","OGD1.OGD","OBSTACLE","BMC"
"2026/05/14","OILDALE","ONE","ZLA","2023/02/23","N","OILDA1.OILDA","SID","BFL"
"2026/05/14","OKACO","ONE","ZLA","2000/04/20","Y","OKACO1.OKACO","OBSTACLE","L35"
"2026/05/14","OLAKE","THREE","ZMA","2026/01/22","Y","OLAKE3.OLAKE","SID","PBI"
"2026/05/14","OLEMS","SIX","ZME","2020/12/31","Y","OLEMS6.OLEMS","SID","MEM"
"2026/05/14","OLGUY","THREE","ZFW","2017/12/07","Y","OLGUY3.OLGUY","SID","OKC OUN PWA"
"2026/05/14","OMAHA","ONE","ZMP","2023/11/30","N","OMA1.OMA","SID","OMA"
"2026/05/14","ONIZU","ONE","ZHN","2021/02/25","Y","ONIZU1.ONIZU","SID","KOA"
"2026/05/14","ONOHI","TWO","ZHN","2015/08/20","N","ONOHI2.ONOHI","SID","OGG"
"2026/05/14","OPIHI","THREE","ZHN","2021/02/25","N","OPIHI3.OPIHI","SID","HNL"
"2026/05/14","OPTEC","ONE","ZLC","2021/06/17","Y","OPTEC1.OPTEC","SID","10U"
"2026/05/14","ORCKA","FIVE","ZLA","2020/09/10","Y","ORCKA5.ORCKA","SID","LAX"
"2026/05/14","ORELE","ONE","ZLC","2024/10/31","Y","ORELE1.ORELE","SID","SMN"
"2026/05/14","ORLANDO","SIX","ZJX","2023/02/23","N","ORLA6.ORLA","SID","MCO"
"2026/05/14","ORNEY","ONE","ZLC","2009/12/17","N","ORNEY1.LHO","OBSTACLE","LGU"
"2026/05/14","OROSZ","TWO","ZLA","2018/02/01","Y","OROSZ2.OROSZ","SID","BUR"
"2026/05/14","ORSKY","THREE","ZMP","2022/09/08","N","ORSKY3.ORSKY","SID","ANE FCM MSP STP"
"2026/05/14","OSHNN","ONE","ZLA","2021/05/20","Y","OSHNN1.OSHNN","SID","LAX"
"2026/05/14","OSPRY","ONE","ZJX","2022/05/19","Y","OSPRY1.OSPRY","SID","MCO"
"2026/05/14","OWAYY","ONE","ZMA","2024/10/31","Y","OWAYY1.OWAYY","SID","LAL"
"2026/05/14","OXFRD","FIVE","ZDC","2021/12/02","Y","OXFRD5.OXFRD","SID","RDU"
"2026/05/14","OYODA","TWO","ZLA","2021/04/22","Y","OYODA2.OYODA","SID","HND"
"2026/05/14","OZARK","EIGHT","ZKC","2021/10/07","N","OZARK8.STL","SID","ALN BLV CPS STL SUS"
"2026/05/14","OZIEE","FOUR","ZOA","2019/10/10","Y","OZIEE4.OZIEE","SID","APC"
"2026/05/14","OZWLD","ONE","ZSE","2018/07/19","Y","OZWLD1.OZWLD","SID","SEA"
"2026/05/14","PACKK","NINE","ZDC","2021/02/25","N","PACK9.RDU","SID","RDU"
"2026/05/14","PADGT","TWO","ZTL","2016/11/10","Y","PADGT2.PADGT","SID","ATL"
"2026/05/14","PADRZ","TWO","ZLA","2017/12/07","Y","PADRZ2.PADRZ","SID","CRQ MYF RNM SAN SDM SEE"
"2026/05/14","PAINE","SIX","ZSE","2018/11/08","N","PAINE6.PAINE","SID","PAE"
"2026/05/14","PAL-WAUKEE","SEVEN","ZAU","2025/08/07","N","NOT ASSIGNED","SID","PWK"
"2026/05/14","PALAY","THREE","ZHN","2021/02/25","N","PALAY3.PALAY","SID","HNL"
"2026/05/14","PALCO","SEVEN","ZSU","2016/09/15","N","PALCO7.PALCO","SID","STT"
"2026/05/14","PALM BEACH","FOUR","ZMA","2026/01/22","N","PBI4.PBI","SID","PBI"
"2026/05/14","PALMDALE","ONE","ZLA","2023/10/05","N","PMD1.PMD","OBSTACLE","WJF"
"2026/05/14","PALMER","FIVE","ZAN","2018/11/08","Y","PALMR5.BGQ","OBSTACLE","PAQ"
"2026/05/14","PALMS","FOUR","ZHU","2025/08/07","N","PALMS4.CRP","SID","AUS"
"2026/05/14","PARDN","FOUR","ZME","2025/11/27","Y","PARDN4.PARDN","SID","BNA"
"2026/05/14","PARIS","FOUR","ZHN","2010/02/11","N","PARIS4.PARIS","OBSTACLE","ITO"
"2026/05/14","PARKS","FOUR","ZLA","2017/04/27","N","PARKS4.PGS","SID","GCN"
"2026/05/14","PASCO","ONE","ZSE","2025/10/02","N","PSC1.PSC","OBSTACLE","PSC"
"2026/05/14","PASO ROBLES","TWO","ZOA","2022/05/19","N","PRB2.PRB","OBSTACLE","PRB"
"2026/05/14","PATSS","SEVEN","ZBW","2023/11/30","Y","PATSS7.PATSS","SID","BOS"
"2026/05/14","PAVYL","THREE","ZOB","2024/05/16","Y","PAVYL3.PAVYL","SID","ARB DET DTW MTC ONZ OZW PTK TTF VLL YIP"
"2026/05/14","PEASE","FOUR","ZBW","2021/04/22","N","PSM4.PSM","SID","PSM"
"2026/05/14","PEBLE","SIX","ZLA","2015/08/20","N","PEBLE6.PEBLE","SID","SAN"
"2026/05/14","PECKK","TWO","ZLC","2017/10/12","Y","PECKK2.PECKK","SID","GEY"
"2026/05/14","PEECE","SIX","ZHU","2022/01/27","Y","PEECE6.PEECE","SID","HOU"
"2026/05/14","PENCL","TWO","ZTL","2016/11/10","Y","PENCL2.PENCL","SID","ATL"
"2026/05/14","PEPUC","TWO","ZLC","2017/10/12","Y","PEPUC2.PEPUC","OBSTACLE","MYL"
"2026/05/14","PERCH","THREE","ZLA","2017/08/17","N","PRCH3.LAX","SID","LAX"
"2026/05/14","PETERSBURG","TWO","ZAN","2024/09/05","N","PTRSG2.ZARUT","OBSTACLE","PSG"
"2026/05/14","PEVEE","SIX","ZLA","2018/02/01","Y","PEVEE6.PEVEE","SID","SMO"
"2026/05/14","PFLYD","ONE","ZOB","2018/07/19","Y","PFLYD1.PFLYD","SID","CLE"
"2026/05/14","PHIIL","THREE","ZTL","2021/10/07","Y","PHIIL3.PHIIL","SID","ATL"
"2026/05/14","PHILADELPHIA","FOUR","ZNY","2025/06/12","N","PHL4.PHL","SID","PHL"
"2026/05/14","PHOENIX","ONE","ZAB","2010/02/11","N","PXR1.PXR","OBSTACLE","IWA"
"2026/05/14","PHYLI","TWO","ZLA","2016/03/31","Y","PHYLI2.PHYLI","SID","SGU"
"2026/05/14","PIEPE","SIX","ZME","2020/12/31","Y","PIEPE6.PIEPE","SID","MEM"
"2026/05/14","PIGGN","THREE","ZLA","2022/03/24","Y","PIGGN3.PIGGN","SID","SNA"
"2026/05/14","PIKES","THREE","ZDV","2025/06/12","N","PIKES3.DEN","SID","APA BJC BKF CFO DEN FNL GXY"
"2026/05/14","PIPLN","ONE","ZHN","2020/01/30","Y","PIPLN1.PIPLN","SID","HNL"
"2026/05/14","PITKN","FIVE","ZDV","2024/05/16","Y","PITKN5.GLENO","SID","ASE"
"2026/05/14","PITTSBURGH","FIVE","ZOB","2019/01/03","N","PIT5.PIT","SID","PIT"
"2026/05/14","PITZZ","FIVE","ZHU","2024/07/11","Y","PITZZ5.PITZZ","SID","IAH"
"2026/05/14","PLAINS","TWO","ZDV","2025/06/12","N","PLAIN2.DEN","SID","APA BJC BKF CFO DEN FNL GXY"
"2026/05/14","PLATA","ONE","ZDV","1996/12/05","N","PLATA1.PLATA","SID","FMN"
"2026/05/14","PLESS","FIVE","ZKC","2017/08/17","N","PLESS5.PLESS","SID","ALN BLV CPS STL SUS"
"2026/05/14","PLMMR","THREE","ZTL","2022/09/08","Y","PLMMR3.PLMMR","SID","ATL"
"2026/05/14","PLMTO","THREE","ZJX","2020/11/05","Y","PLMTO3.PLMTO","SID","CHS"
"2026/05/14","PNDAH","TWO","ZLA","2017/08/17","Y","PNDAH2.PNDAH","SID","LAX"
"2026/05/14","POAKE","TWO","ZAB","2017/01/05","N","POAKE2.POAKE","SID","SAF"
"2026/05/14","POCATELLO","FOUR","ZLC","2018/07/19","Y","PIH4.PIH","SID","U02"
"2026/05/14","POMONA","ONE","ZLA","2019/01/03","N","POM1.POM","SID","ONT"
"2026/05/14","PORTLAND","TWO","ZSE","2021/02/25","N","PTLD2.BTG","SID","PDX"
"2026/05/14","PORTLAND","SIX","ZBW","2020/05/21","N","PWM6.PWM","SID","PWM"
"2026/05/14","PORTT","FOUR","ZNY","2018/03/29","Y","PORTT4.PORTT","SID","EWR"
"2026/05/14","POTER","THREE","ZAB","2016/07/21","Y","POTER3.POTER","OBSTACLE","GYR"
"2026/05/14","POTOR","TWO","ZSE","1980/12/25","N","POTOR2.POTOR","SID","LWS"
"2026/05/14","POTTR","THREE","ZAN","2025/04/17","N","POTTR3.POTTR","SID","ANC"
"2026/05/14","POUNC","TWO","ZTL","2016/11/10","Y","POUNC2.POUNC","SID","ATL"
"2026/05/14","PPKEO","ONE","ZHN","2021/02/25","Y","PPKEO1.PPKEO","SID","ITO"
"2026/05/14","PPORT","FOUR","ZBW","2021/10/07","Y","PPORT4.PPORT","SID","MHT"
"2026/05/14","PRESCOTT","THREE","ZAB","2019/06/20","N","PRC3.DRK","OBSTACLE","PRC"
"2026/05/14","PRINCETON","ONE","ZNY","2019/02/28","N","PRINC1.PRINC","SID","39N"
"2026/05/14","PROP","ONE","ZNY","2017/06/22","N","PROP1.PROP","SID","HPN"
"2026/05/14","PROVO","FOUR","ZLC","2009/08/27","N","PROVO4.FFU","OBSTACLE","PVU"
"2026/05/14","PTOMC","TWO","ZDC","2016/07/21","Y","PTOMC2.PTOMC","SID","JYO"
"2026/05/14","PTRON","NINE","ZHU","2022/09/08","Y","PTRON9.PTRON","SID","HOU"
"2026/05/14","PUEBLO","TWO","ZDV","2023/08/10","Y","PUBLO2.PUBLO","OBSTACLE","AEJ"
"2026/05/14","PUHEE","ONE","ZHN","2019/06/20","Y","PUHEE1.PUHEE","SID","OGG"
"2026/05/14","PUYVO","FIVE","ZAN","2023/08/10","Y","PUYVO5.PUYVO","SID","FAI"
"2026/05/14","PVINE","FIVE","ZOA","2023/06/15","Y","PVINE5.PVINE","SID","RNO"
"2026/05/14","QUAKE","TWO","ZOA","2020/11/05","N","QUAKE2.QAK","SID","OAK"
"2026/05/14","QUAKY","ONE","ZAB","2018/05/24","Y","QUAKY1.QUAKY","SID","PHX"
"2026/05/14","RACER","EIGHT","ZKC","2023/10/05","N","RACER8.MCI","SID","FLV GPH IXD LXT MCI MKC OJC STJ"
"2026/05/14","RADYR","TWO","ZLA","2021/08/12","Y","RADYR2.RADYR","SID","LAS"
"2026/05/14","RAJEE","FOUR","ZLA","2024/03/21","Y","RAJEE4.RAJEE","SID","ONT"
"2026/05/14","RALEIGH","ONE","ZDC","2021/02/25","N","RDU1.RDU","SID","RDU"
"2026/05/14","RAMBL","SIX","ZFW","2022/12/29","Y","RAMBL6.RAMBL","SID","DAL"
"2026/05/14","RASLR","THREE","ZLA","2022/01/27","Y","RASLR3.RASLR","SID","LAS"
"2026/05/14","RATPK","THREE","ZLA","2022/01/27","Y","RATPK3.RATPK","SID","LAS"
"2026/05/14","RAYMD","THREE","ZAN","2018/09/13","Y","RAYMD3.RAYMD","SID","SDP"
"2026/05/14","RAZORBACK","THREE","ZME","2019/12/05","N","NOT ASSIGNED","SID","FYV"
"2026/05/14","RDBUD","FOUR","ZTL","2019/02/28","Y","RDBUD4.RDBUD","SID","AGS AIK"
"2026/05/14","RDFLG","FIVE","ZAN","2023/08/10","Y","RDFLG5.RDFLG","SID","FAI"
"2026/05/14","RDHSE","ONE","ZID","2024/07/11","Y","RDHSE1.RDHSE","SID","SDF"
"2026/05/14","RDHWK","THREE","ZFW","2017/12/07","Y","RDHWK3.RDHWK","SID","OKC OUN PWA"
"2026/05/14","RDRNR","THREE","ZAB","2015/06/25","Y","RDRNR3.RDRNR","SID","ABQ"
"2026/05/14","RDSOX","ONE","ZJX","2022/05/19","Y","RDSOX1.RDSOX","SID","MCO"
"2026/05/14","READE","SEVEN","ZDC","2019/12/05","N","READE7.READE","SID","RIC"
"2026/05/14","REBLL","FIVE","ZDC","2020/12/31","Y","REBLL5.REBLL","SID","DCA"
"2026/05/14","REDDING","ONE","ZOA","2023/10/05","N","RDD1.RDD","OBSTACLE","O85"
"2026/05/14","REDMOND","THREE","ZSE","2015/08/20","N","NOT ASSIGNED","SID","RDM"
"2026/05/14","REGAE","TWO","ZMA","2022/05/19","Y","REGAE2.REGAE","SID","FLL"
"2026/05/14","RENO","ONE","ZOA","2022/11/03","N","RENO1.FMG","SID","RNO"
"2026/05/14","RENTN","THREE","ZSE","2016/07/21","N","RENTN3.RENTN","SID","RNT"
"2026/05/14","REPUBLIC","ONE","ZNY","2019/01/03","N","REP1.REP","SID","FRG"
"2026/05/14","RETYR","EIGHT","ZHU","2022/11/03","Y","RETYR8.RETYR","SID","HOU"
"2026/05/14","REVSS","SIX","ZBW","2023/11/30","Y","REVSS6.REVSS","SID","BOS"
"2026/05/14","RHONE","THREE","ZDV","2024/05/16","Y","RHONE3.RHONE","SID","GJT"
"2026/05/14","RICHE","THREE","ZHN","2023/02/23","N","RICHE3.BOOKE","SID","LIH"
"2026/05/14","RICHFIELD","TWO","ZLC","2015/08/20","Y","RIF2.RIF","OBSTACLE","RIF"
"2026/05/14","RICHY","SEVEN","ZOA","2021/02/25","N","RICHY7.SWR","SID","TVL"
"2026/05/14","RIDDG","TWO","ZLC","2025/08/07","Y","RIDDG2.RIDDG","SID","GPI"
"2026/05/14","RITAA","SEVEN","ZHU","2022/09/08","Y","RITAA7.RITAA","SID","IAH"
"2026/05/14","RIVERSIDE","TWO","ZLA","2020/12/31","N","RAL2.PDZ","OBSTACLE","RAL"
"2026/05/14","RNLDI","FOUR","ZDC","2015/06/25","Y","RNLDI4.RNLDI","SID","IAD"
"2026/05/14","ROCHESTER","ONE","ZMP","2018/09/13","N","RST1.RST","SID","ANE FCM MSP STP"
"2026/05/14","ROCKIES","SEVEN","ZDV","2025/06/12","N","ROCKI7.DEN","SID","APA BJC BKF CFO DEN FNL GXY"
"2026/05/14","ROCKT","FOUR","ZID","2025/11/27","Y","ROCKT4.ROCKT","SID","CVG"
"2026/05/14","ROCKY","ONE","ZID","2018/02/01","N","ROCKY1.ROCKY","SID","EYE GEZ HFY IND MQJ TYQ UMP"
"2026/05/14","ROGERS","FOUR","ZME","2022/03/24","N","ROG4.RZC","SID","ROG"
"2026/05/14","RONAN","THREE","ZLC","2017/08/17","Y","RONAN3.ANGIL","SID","7S0"
"2026/05/14","RONBE","TWO","ZDV","2019/08/15","Y","RONBE2.RONBE","SID","ANK"
"2026/05/14","RONHU","TWO","ZOA","2022/11/03","Y","RONHU2.RONHU","SID","UKI"
"2026/05/14","ROSCOE","FOUR","ZLA","2025/02/20","Y","RSCO4.VVERA","SID","VNY"
"2026/05/14","ROTRY","SIX","ZKC","2025/08/07","Y","ROTRY6.ROTRY","SID","STL"
"2026/05/14","ROWEY","ONE","ZLC","2025/02/20","Y","ROWEY1.ROWEY","OBSTACLE","DUB"
"2026/05/14","ROYAL","TWO","ZKC","2024/09/05","N","ROYAL2.MCI","SID","FLV GPH IXD LXT MCI MKC OJC STJ"
"2026/05/14","ROYES","SEVEN","ZJX","2015/06/25","N","ROYES7.ROYES","SID","DAB"
"2026/05/14","ROZBO","FIVE","ZDC","2021/12/02","Y","ROZBO5.ROZBO","SID","RDU"
"2026/05/14","RREHD","ONE","ZOA","2024/01/25","Y","RREHD1.RREHD","SID","STS"
"2026/05/14","RUGGD","THREE","ZLC","2023/04/20","Y","RUGGD3.RUGGD","SID","SLC"
"2026/05/14","RVRCT","FOUR","ZOA","2022/05/19","Y","RVRCT4.RVRCT","SID","SMF"
"2026/05/14","RYPAX","TWO","ZOA","2022/11/03","Y","RYPAX2.RYPAX","SID","UKI"
"2026/05/14","SABTH","TWO","ZDV","2020/09/10","Y","SABTH2.SABTH","SID","DEN"
"2026/05/14","SACAT","FOUR","ZAB","2026/05/14","Y","SACAT4.SACAT","SID","FFZ"
"2026/05/14","SAFFORD","ONE","ZAB","2010/07/29","Y","SAFRD1.SAFRD","OBSTACLE","SAD"
"2026/05/14","SAHEY","FOUR","ZOA","2021/08/12","Y","SAHEY4.SAHEY","SID","SFO"
"2026/05/14","SALAD","FIVE","ZOA","2017/08/17","N","SALAD5.SALAD","SID","OAK"
"2026/05/14","SALEM","FOUR","ZSE","2017/04/27","N","NOT ASSIGNED","SID","SLE"
"2026/05/14","SALINAS","THREE","ZOA","2022/05/19","N","SNS3.SNS","SID","SNS"
"2026/05/14","SALMON","ONE","ZLC","2026/01/22","N","LKT1.LKT","OBSTACLE","LLJ"
"2026/05/14","SALT LAKE","FOUR","ZLC","2017/08/17","N","SLC4.TCH","SID","SLC"
"2026/05/14","SAMMI","FOUR","ZTL","2018/03/29","Y","SAMMI4.SAMMI","SID","AGS AIK DNL HQU"
"2026/05/14","SAN FRANCISCO","FIVE","ZOA","2026/04/16","N","SFO5.SFO","SID","SFO"
"2026/05/14","SAN JOSE","THREE","ZOA","2019/08/15","N","SJC3.MOONY","SID","SJC"
"2026/05/14","SAN SIMON","ONE","ZAB","2010/07/29","Y","SSO1.SSO","OBSTACLE","CFT"
"2026/05/14","SANFORD","ONE","ZJX","2021/12/02","N","SFB1.SFB","SID","SFB"
"2026/05/14","SANTA BARBARA","FIVE","ZLA","2018/11/08","N","SBA5.SBA","SID","SBA"
"2026/05/14","SANTA MONICA","THREE","ZLA","2018/02/01","Y","SMO3.CHOII","SID","SMO"
"2026/05/14","SARASOTA","SIX","ZMA","2025/04/17","N","SRQ6.SRQ","SID","SRQ"
"2026/05/14","SARDD","THREE","ZDV","2013/06/27","N","SARDD3.LINDZ","OBSTACLE","ASE"
"2026/05/14","SAWGY","THREE","ZJX","2022/09/08","N","SAWGY3.OMN","SID","JAX"
"2026/05/14","SAYBR","THREE","ZHU","2021/04/22","Y","SAYBR3.SAYBR","SID","3R9 AUS EDC GTU HYI RYW T74"
"2026/05/14","SAYOW","TWO","ZLA","2017/10/12","Y","SAYOW2.SAYOW","SID","SAN"
"2026/05/14","SBOAT","ONE","ZMA","2024/10/31","Y","SBOAT1.SBOAT","SID","LAL"
"2026/05/14","SCAGGS ISLAND","ONE","ZOA","2026/01/22","N","SGD1.SGD","OBSTACLE","O69"
"2026/05/14","SCAMR","FOUR","ZLA","2024/01/25","Y","SCAMR4.SCAMR","SID","HND"
"2026/05/14","SCAPO","SEVEN","ZSE","2018/02/01","N","SCAPO7.SCAPO","SID","HIO"
"2026/05/14","SCHEP","ONE","ZMP","2022/09/08","N","SCHEP1.SCHEP","SID","ANE FCM MSP STP"
"2026/05/14","SCOTTSDALE","SEVEN","ZAB","2012/07/26","N","SCOT7.SCOT","SID","SDL"
"2026/05/14","SCRAM","SIX","ZDC","2020/12/31","Y","SCRAM6.SCRAM","SID","DAA DCA IAD JYO MRB OKV"
"2026/05/14","SCRANTON","EIGHT","ZNY","2020/07/16","N","AVP8.AVP","SID","AVP"
"2026/05/14","SCTWN","FOUR","ZOA","2022/05/19","Y","SCTWN4.SCTWN","SID","SMF"
"2026/05/14","SCUBY","EIGHT","ZMA","2024/09/05","N","SCUBY8.SCUBY","SID","RSW"
"2026/05/14","SCUTA","THREE","ZDC","2019/10/10","Y","SCUTA3.SCUTA","SID","ROA"
"2026/05/14","SEAL BEACH","EIGHT","ZLA","2017/08/17","N","SLI8.SLI","SID","LAX"
"2026/05/14","SEATTLE","ONE","ZSE","2025/11/27","N","SEA1.SEA","SID","SEA"
"2026/05/14","SEBBY","THREE","ZLA","2018/07/19","N","SEBBY3.DAG","SID","LAX"
"2026/05/14","SEEMS","ONE","ZOA","2023/06/15","Y","SEEMS1.SEEMS","OBSTACLE","HAF"
"2026/05/14","SEGUL","ONE","ZOA","2024/07/11","Y","SEGUL1.SEGUL","SID","SFO"
"2026/05/14","SELAWIK","TWO","ZAN","2020/12/31","Y","WLK2.WLK","OBSTACLE","IAN"
"2026/05/14","SELPH","SEVEN","ZME","2020/12/31","Y","SELPH7.SELPH","SID","MEM"
"2026/05/14","SETHY","FIVE","ZDC","2020/09/10","Y","SETHY5.SETHY","SID","BCB"
"2026/05/14","SEVYR","THREE","ZLC","2017/08/17","N","SEVYR3.SEVYR","SID","SLC"
"2026/05/14","SEWAR","ONE","ZAN","2011/06/30","Y","SEWAR1.SEWAR","OBSTACLE","SWD"
"2026/05/14","SHASTA","FIVE","ZOA","2026/05/14","N","SHA5.RDD","SID","RDD"
"2026/05/14","SHEDD","FOUR","ZSE","2021/12/02","N","SHEDD4.SHEDD","SID","CVO"
"2026/05/14","SHENANDOAH","THREE","ZDC","2016/11/10","N","SNDOA3.SNDOA","SID","SHD"
"2026/05/14","SHPRD","FOUR","ZDC","2021/02/25","Y","SHPRD4.SHPRD","SID","RDU"
"2026/05/14","SIEBE","FOUR","ZLC","2023/02/23","N","SIEBE4.SIEBE","SID","HLN"
"2026/05/14","SILENT","THREE","ZOA","2022/09/08","N","SLNT3.REBAS","SID","OAK"
"2026/05/14","SILKS","SIX","ZID","2024/05/16","Y","SILKS6.SILKS","SID","CVG"
"2026/05/14","SILVER CITY","TWO","ZAB","2017/01/05","N","SVC2.SVC","OBSTACLE","SVC"
"2026/05/14","SINGG","ONE","ZSE","2025/10/02","Y","SINGG1.SINGG","OBSTACLE","3W7"
"2026/05/14","SITKA","ONE","ZAN","2024/12/26","N","STKA1.SSR","SID","SIT"
"2026/05/14","SKIFF","SEVEN","ZLA","2016/09/15","N","SKIFF7.SKIFF","SID","OXR"
"2026/05/14","SKORR","SIX","ZNY","2026/03/19","Y","SKORR6.SKORR","SID","JFK"
"2026/05/14","SKOTT","TWO","ZLC","2011/01/13","N","SKOTT2.SKOTT","OBSTACLE","GPI"
"2026/05/14","SKOWL","TWO","ZAN","2018/07/19","N","SKOWL2.DOOZI","OBSTACLE","KTN"
"2026/05/14","SKWRL","TWO","ZLA","2017/08/17","Y","SKWRL2.SKWRL","SID","LAX"
"2026/05/14","SKYEE","ONE","ZDV","2020/03/26","Y","SKYEE1.SKYEE","SID","APA BJC CFO FNL GXY LMO"
"2026/05/14","SKYLINE","ONE","ZOA","2019/08/15","N","SKYL1.WAGES","SID","OAK"
"2026/05/14","SLAPP","TWO","ZLA","2020/09/10","Y","SLAPP2.SLAPP","SID","BUR"
"2026/05/14","SLATR","ONE","ZDV","2020/01/30","Y","SLATR1.SLATR","OBSTACLE","EAN"
"2026/05/14","SLAYER","FOUR","ZMP","2017/08/17","Y","SLAYR4.SLAYR","SID","MSP"
"2026/05/14","SLEEK","TWO","ZDV","2020/09/10","Y","SLEEK2.SLEEK","SID","DEN"
"2026/05/14","SLENA","TWO","ZHU","2025/08/07","Y","SLENA2.SLENA","SID","5C1 BAZ CVB PEZ RND SAT SKF SSF"
"2026/05/14","SLIDZ","THREE","ZMA","2026/01/22","Y","SLIDZ3.SLIDZ","SID","PBI"
"2026/05/14","SMERF","SEVEN","ZMP","2017/08/17","Y","SMERF7.SMERF","SID","MSP"
"2026/05/14","SMKEY","TWO","ZTL","2016/11/10","Y","SMKEY2.SMKEY","SID","ATL"
"2026/05/14","SMKKY","ONE","ZSE","2022/12/29","Y","SMKKY1.SMKKY","SID","MFR"
"2026/05/14","SMLTZ","THREE","ZTL","2022/05/19","Y","SMLTZ3.SMLTZ","SID","ATL"
"2026/05/14","SMMUR","TWO","ZDV","2020/09/10","Y","SMMUR2.SMMUR","SID","DEN"
"2026/05/14","SNAKO","THREE","ZLC","2014/04/03","N","SNAKO3.SNAKO","SID","TWF"
"2026/05/14","SNAPR","TWO","ZMA","2022/05/19","Y","SNAPR2.SNAPR","SID","FLL"
"2026/05/14","SNDLR","THREE","ZMA","2025/06/12","Y","SNDLR3.SNDLR","SID","SUA"
"2026/05/14","SNDRS","THREE","ZOB","2024/05/16","Y","SNDRS3.SNDRS","SID","ARB DET DTW MTC ONZ OZW PTK TTF VLL YIP"
"2026/05/14","SNGRA","TWO","ZSU","2015/12/10","Y","SNGRA2.SNGRA","SID","SJU"
"2026/05/14","SNIDR","TWO","ZHU","2025/08/07","Y","SNIDR2.SNIDR","SID","5C1 BAZ CVB PEZ RND SAT SKF SSF"
"2026/05/14","SNOBL","SIX","ZAB","2018/05/24","Y","SNOBL6.SNOBL","SID","CHD DVT GEU GYR IWA SDL"
"2026/05/14","SNOOZ","FIVE","ZSU","2022/03/24","N","SNOOZ5.SNOOZ","SID","STX"
"2026/05/14","SNSET","FOUR","ZFW","2016/03/31","Y","SNSET4.SNSET","SID","DAL"
"2026/05/14","SNSHN","FIVE","ZLA","2020/09/10","Y","SNSHN5.SNSHN","SID","ONT"
"2026/05/14","SNTNA","TWO","ZOA","2015/06/25","Y","SNTNA2.SNTNA","SID","SFO"
"2026/05/14","SOFTY","ONE","ZID","2025/11/27","Y","SOFTY1.SOFTY","SID","BLF"
"2026/05/14","SOKOY","THREE","ZOA","2017/08/17","N","SOKOY3.SOKOY","SID","VCB"
"2026/05/14","SOOKI","SIX","ZDC","2026/01/22","Y","SOOKI6.SOOKI","SID","DCA"
"2026/05/14","SOUTH VALLEY","TWO","ZLC","2025/04/17","Y","SVALY2.FFU","SID","SVR"
"2026/05/14","SPACX","TWO","ZLA","2020/01/30","Y","SPACX2.SPACX","SID","HHR"
"2026/05/14","SPANISH FORK","ONE","ZLC","2019/01/03","N","SPK1.FFU","OBSTACLE","SPK"
"2026/05/14","SPARKS","ONE","ZOA","2022/12/29","N","SPRKS1.FMG","OBSTACLE","RNO"
"2026/05/14","SPARREVOHN","ONE","ZAN","2020/12/31","Y","SQA1.SQA","OBSTACLE","SLQ"
"2026/05/14","SPILR","ONE","ZID","2024/07/11","Y","SPILR1.SPILR","SID","SDF"
"2026/05/14","SPOKANE","EIGHT","ZSE","2025/11/27","N","NOT ASSIGNED","SID","GEG"
"2026/05/14","SPRING","FIVE","ZME","2019/12/05","N","ASG5.ASG","SID","ASG"
"2026/05/14","SPRINGS","SIX","ZDV","2018/03/29","N","COS6.BRK","SID","COS"
"2026/05/14","SPTNS","ONE","ZOA","2022/01/27","Y","SPTNS1.TECKY","SID","SJC"
"2026/05/14","SQUAT","FIVE","ZDV","2023/06/15","Y","SQUAT5.SQUAT","OBSTACLE","RIL"
"2026/05/14","SQURL","TWO","ZVR","2026/03/19","Y","SQURL2.SQURL","OBSTACLE","ORS"
"2026/05/14","SSOXS","SEVEN","ZBW","2023/11/30","Y","SSOXS7.SSOXS","SID","BOS"
"2026/05/14","SSTIK","FIVE","ZOA","2021/08/12","Y","SSTIK5.SSTIK","SID","SFO"
"2026/05/14","SSYKO","THREE","ZFW","2017/12/07","Y","SSYKO3.SSYKO","SID","OKC OUN PWA"
"2026/05/14","ST PETE","ONE","ZMA","2025/04/17","N","PIE1.PIE","SID","PIE"
"2026/05/14","ST. JOHNS","NINE","ZAB","2019/02/28","N","SJN9.SJN","SID","PHX"
"2026/05/14","STACEY","TWO","ZHN","2014/04/03","N","STACY2.OGG","SID","OGG"
"2026/05/14","STACO","TWO","ZLC","2015/06/25","Y","STACO2.STACO","SID","TVY"
"2026/05/14","STAKK","FIVE","ZLC","2023/02/23","N","STAKK5.STAKK","SID","HLN"
"2026/05/14","STANFIELD","FOUR","ZAB","2015/06/25","N","TFD4.TFD","SID","PHX"
"2026/05/14","STAYY","FOUR","ZLA","2022/03/24","Y","STAYY4.STAYY","SID","SNA"
"2026/05/14","STEAD","ONE","ZOA","2024/10/31","N","STEAD1.FMG","OBSTACLE","RTS"
"2026/05/14","STEWART","NINE","ZNY","2019/06/20","N","SWF9.SWF","SID","SWF"
"2026/05/14","STHBY","ONE","ZLA","2024/07/11","Y","STHBY1.STHBY","SID","LAX"
"2026/05/14","STIGR","TWO","ZLA","2016/09/15","N","STIGR2.STIGR","SID","L45"
"2026/05/14","STPHN","THREE","ZFW","2017/12/07","Y","STPHN3.STPHN","SID","OKC OUN PWA"
"2026/05/14","STRRM","ONE","ZAB","2018/05/24","Y","STRRM1.STRRM","SID","PHX"
"2026/05/14","STRYA","EIGHT","ZHU","2021/10/07","Y","STRYA8.STRYA","SID","54T 6R3 ARM AXH BYY CXO DWH EFD GLS HOU HPY IAH IWS LBX LVJ SGR T00 T41 T78 TME"
"2026/05/14","STUNO","ONE","ZJX","2021/10/07","Y","STUNO1.STUNO","SID","CHS"
"2026/05/14","STYCK","EIGHT","ZHU","2021/10/07","Y","STYCK8.STYCK","SID","54T 6R3 ARM AXH BYY CXO DWH EFD GLS HOU HPY IAH IWS LBX LVJ SGR T00 T41 T78 TME"
"2026/05/14","SUDDZ","ONE","ZDV","2020/03/26","Y","SUDDZ1.SUDDZ","SID","DEN"
"2026/05/14","SUMMA","TWO","ZSE","2020/01/30","N","SUMMA2.SUMMA","SID","SEA"
"2026/05/14","SUMMR","TWO","ZLA","2019/10/10","Y","SUMMR2.SUMMR","SID","LAX"
"2026/05/14","SUNNE","ONE","ZOA","2020/01/30","N","SUNNE1.SUNNE","SID","OAK"
"2026/05/14","SUNOL","ONE","ZOA","2019/08/15","N","SUNOL1.SUNOL","SID","SJC"
"2026/05/14","SWEEP","TWO","ZHN","2015/08/20","N","SWEEP2.SWEEP","SID","OGG"
"2026/05/14","SWOPE","ONE","ZDC","2025/10/02","Y","SWOPE1.SWOPE","SID","ORF"
"2026/05/14","SWPFX","THREE","ZJX","2023/04/20","Y","SWPFX3.SWPFX","SID","CHS"
"2026/05/14","SWTSR","SEVEN","ZFW","2024/01/25","Y","SWTSR7.SWTSR","SID","DAL"
"2026/05/14","SWUNG","TWO","ZDV","2019/01/03","Y","SWUNG2.SWUNG","OBSTACLE","SPF"
"2026/05/14","SYRACUSE","TWO","ZBW","2020/01/30","N","SYR2.SYR","SID","SYR"
"2026/05/14","TAFOY","THREE","ZAB","2023/06/15","N","TAFOY3.TAFOY","SID","SAF"
"2026/05/14","TAMPA","NINE","ZMA","2025/11/27","N","TAMPA9.TAMPA","SID","TPA"
"2026/05/14","TANKER","THREE","ZBW","2021/04/22","N","TANKR3.TANKR","SID","PSM"
"2026/05/14","TARGY","ONE","ZLC","2012/02/09","N","LOW1.LOW","OBSTACLE","WYS"
"2026/05/14","TAZMO","FOUR","ZME","2025/11/27","Y","TAZMO4.TAZMO","SID","BNA"
"2026/05/14","TBIRD","SEVEN","ZMA","2026/01/22","Y","TBIRD7.TBIRD","SID","PBI"
"2026/05/14","TDOWN","THREE","ZAB","2016/07/21","Y","TDOWN3.TDOWN","SID","ELP"
"2026/05/14","TEBRD","THREE","ZFW","2017/12/07","Y","TEBRD3.TEBRD","SID","OKC OUN PWA"
"2026/05/14","TECKY","FOUR","ZOA","2022/01/27","Y","TECKY4.TECKY","SID","SJC"
"2026/05/14","TEDDD","FIVE","ZKC","2018/07/19","Y","TEDDD5.TEDDD","SID","STL"
"2026/05/14","TERPZ","EIGHT","ZDC","2024/07/11","Y","TERPZ8.TERPZ","SID","BWI DMW ESN FDK GAI MTN"
"2026/05/14","TETERBORO","FOUR","ZNY","2021/10/07","N","TEB4.TEB","SID","TEB"
"2026/05/14","TETON","THREE","ZLC","2008/06/05","N","TETON3.KICNE","OBSTACLE","JAC"
"2026/05/14","TEVAD","ONE","ZYZ","2014/11/13","Y","TEVAD1.TEVAD","SID","CYTZ"
"2026/05/14","TEXOMA","FIVE","ZFW","2024/01/25","N","TEX5.FUZ","SID","ADS AFW DAL DFW DTO FTW FWS GKY GPM HQZ LNC NFW RBD TKI"
"2026/05/14","THERMAL","SIX","ZLA","2008/04/10","N","TRM6.TRM","SID","PSP"
"2026/05/14","THRPE","THREE","ZFW","2017/12/07","Y","THRPE3.THRPE","SID","OKC OUN PWA"
"2026/05/14","THUMB","ONE","ZBW","2025/11/27","Y","THUMB1.THUMB","SID","BAF BDL CEF HFD"
"2026/05/14","TIDES","ONE","ZMA","2024/05/16","Y","TIDES1.TIDES","SID","SRQ VNC"
"2026/05/14","TIFTO","EIGHT","ZKC","2023/10/05","N","TIFTO8.MCI","SID","FLV GPH IXD LXT MCI MKC OJC STJ"
"2026/05/14","TIPPN","FOUR","ZME","2025/11/27","Y","TIPPN4.TIPPN","SID","BNA"
"2026/05/14","TJANO","TWO","ZHU","2025/08/07","Y","TJANO2.TJANO","SID","5C1 BAZ CVB PEZ RND SAT SKF SSF"
"2026/05/14","TNNIS","SIX","ZNY","2015/06/25","Y","TNNIS6.TNNIS","SID","LGA"
"2026/05/14","TOADSTOOL","TWO","ZDV","2016/07/21","N","TST2.TST","SID","HSR"
"2026/05/14","TOLLZ","TWO","ZJX","2024/03/21","Y","TOLLZ2.TOLLZ","SID","ORL"
"2026/05/14","TOMPY","ONE","ZAN","2024/10/31","Y","TOMPY1.TOMPY","OBSTACLE","SHG"
"2026/05/14","TOPANGA","THREE","ZLA","2023/06/15","N","TPNGA3.SADDE","OBSTACLE","SMO"
"2026/05/14","TOPMM","FIVE","ZLA","2024/12/26","Y","TOPMM5.TOPMM","SID","LGB"
"2026/05/14","TORO","SEVEN","ZOA","2016/07/21","N","TORO7.TORO","SID","MRY"
"2026/05/14","TRACY","ONE","ZOA","2022/07/14","N","TRACY1.TRACY","SID","TCY"
"2026/05/14","TRI-CITIES","EIGHT","ZSE","2025/10/02","N","NOT ASSIGNED","SID","PSC"
"2026/05/14","TRI-GATE","FOUR","ZFW","2021/04/22","N","TGATE4.DFW","SID","DFW"
"2026/05/14","TRIAD","NINE","ZTL","2017/01/05","N","TRI9.GSO","SID","GSO INT"
"2026/05/14","TRICITIES","THREE","ZTL","2017/12/07","N","TRI3.TRI","OBSTACLE","TRI"
"2026/05/14","TRINIDAD","ONE","ZDV","2016/09/15","Y","TAD1.TAD","OBSTACLE","TAD"
"2026/05/14","TRINITY","EIGHT","ZFW","2017/08/17","N","TRNTY8.CVE","SID","DAL"
"2026/05/14","TRIXY","FIVE","ZDC","2016/03/31","N","TRIXY5.TRIXY","SID","MRB"
"2026/05/14","TRMML","FOUR","ZOB","2024/05/16","Y","TRMML4.TRMML","SID","ARB CYQG DET DTW MTC ONZ OZW PTK TTF VLL YIP"
"2026/05/14","TRSHA","ONE","ZTL","2017/01/05","Y","TRSHA1.TRSHA","SID","GSO INT"
"2026/05/14","TRTON","THREE","ZLA","2026/05/14","Y","TRTON3.TRTON","SID","LAX"
"2026/05/14","TRUCK","FIVE","ZOA","2022/12/29","N","TRUCK5.TRUCK","OBSTACLE","TRK"
"2026/05/14","TRUKN","TWO","ZOA","2015/06/25","Y","TRUKN2.TRUKN","SID","SFO"
"2026/05/14","TRUMA","ONE","ZDV","2023/04/20","Y","TRUMA1.TRUMA","OBSTACLE","SAA"
"2026/05/14","TRUPR","THREE","ZFW","2017/12/07","Y","TRUPR3.TRUPR","SID","OKC OUN PWA"
"2026/05/14","TRYTN","FOUR","ZFW","2022/09/08","Y","TRYTN4.TRYTN","SID","DFW"
"2026/05/14","TTAUN","FOUR","ZAP","2018/11/08","Y","TTAUN4.TTAUN","SID","ADK"
"2026/05/14","TUCSON","NINE","ZAB","2023/11/30","N","TUS9.TUS","SID","TUS"
"2026/05/14","TULSA","ONE","ZKC","2024/05/16","N","TUL1.TUL","SID","RVS TUL"
"2026/05/14","TURNAGAIN","EIGHT","ZAN","2019/10/10","N","NOT ASSIGNED","SID","ANC"
"2026/05/14","TURPS","TWO","ZMA","2022/05/19","Y","TURPS2.TURPS","SID","BCT"
"2026/05/14","TURTY","FOUR","ZAN","2018/02/01","Y","TURTY4.TURTY","SID","AKW"
"2026/05/14","TUVVO","ONE","ZAN","2006/02/16","Y","TUVVO1.TUVVO","OBSTACLE","ARC"
"2026/05/14","UCEEE","TWO","ZID","2024/10/31","Y","UCEEE2.UCEEE","SID","LUK"
"2026/05/14","UECKR","SIX","ZAU","2020/03/26","Y","UECKR6.UECKR","SID","57C BUU ENW ETB HXF MKE MWC RAC UES"
"2026/05/14","UNALAKLEET","ONE","ZAN","2018/05/24","N","UNK1.UNK","OBSTACLE","UNK"
"2026/05/14","UYRIG","FIVE","ZDV","2018/02/01","Y","UYRIG5.UYRIG","SID","RIL"
"2026/05/14","VAMPS","ONE","ZSE","2024/05/16","Y","VAMPS1.VAMPS","OBSTACLE","S50"
"2026/05/14","VAN NUYS","THREE","ZLA","2016/05/26","N","VNY3.VNY","SID","BUR"
"2026/05/14","VARNM","TWO","ZTL","2016/11/10","Y","VARNM2.VARNM","SID","ATL"
"2026/05/14","VEDAS","FIVE","ZSU","2020/09/10","Y","VEDAS5.VEDAS","SID","VQS"
"2026/05/14","VENETIE","THREE","ZAN","2021/06/17","Y","FYU3.FYU","OBSTACLE","VEE"
"2026/05/14","VENTURA","EIGHT","ZLA","2017/08/17","N","VTU8.VTU","SID","LAX"
"2026/05/14","VENUS","FOUR","ZFW","2023/02/23","N","VENUS4.TTT","SID","DAL"
"2026/05/14","VERMO","SIX","ZSU","2020/03/26","N","VERMO6.VERMO","SID","SJU"
"2026/05/14","VICTO","ONE","ZLC","2023/10/05","Y","VICTO1.VICTO","SID","MSO"
"2026/05/14","VRSTY","THREE","ZTL","2022/05/19","Y","VRSTY3.VRSTY","SID","ATL"
"2026/05/14","VVERA","TWO","ZLA","2017/10/12","Y","VVERA2.VVERA","SID","BUR VNY"
"2026/05/14","WAGGE","EIGHT","ZOA","2024/07/11","N","WAGGE8.WAGGE","SID","RNO"
"2026/05/14","WALLA WALLA","TWO","ZSE","2022/09/08","N","NOT ASSIGNED","SID","ALW"
"2026/05/14","WALRU","ONE","ZDV","2008/06/05","Y","WALRU1.WALRU","OBSTACLE","33V"
"2026/05/14","WATFO","SIX","ZHU","2023/08/10","Y","WATFO6.WATFO","SID","54T 6R3 AXH CXO DWH EFD GLS HPY IWS LBX LVJ SGR T00 T41 T78 TME"
"2026/05/14","WATSONVILLE","FOUR","ZOA","2018/09/13","N","WVI4.WVI","OBSTACLE","WVI"
"2026/05/14","WATTR","ONE","ZSE","2025/04/17","Y","WATTR1.WATTR","OBSTACLE","CLM"
"2026/05/14","WEAZL","SIX","ZTL","2026/05/14","Y","WEAZL6.WEAZL","SID","AKH CLT EQY IPJ JQF LKR RUQ UZA VUJ"
"2026/05/14","WEGEM","ONE","ZLC","2026/02/19","Y","WEGEM1.WEGEM","OBSTACLE","40U"
"2026/05/14","WELLY","FOUR","ZMA","2026/01/22","Y","WELLY4.WELLY","SID","PBI"
"2026/05/14","WENAS","SEVEN","ZSE","2016/11/10","N","WENAS7.WENAS","SID","YKM"
"2026/05/14","WENATCHEE","TWO","ZSE","2017/06/22","N","EAT2.EAT","OBSTACLE","EAT"
"2026/05/14","WENDOVER","ONE","ZLC","2016/03/31","Y","ENV1.BVL","SID","ENV"
"2026/05/14","WENDY","THREE","ZFW","2017/12/07","Y","WENDY3.WENDY","SID","OKC OUN PWA"
"2026/05/14","WENTZ","ONE","ZNY","2024/07/11","Y","WENTZ1.WENTZ","SID","TEB"
"2026/05/14","WESLA","FIVE","ZOA","2021/08/12","Y","WESLA5.WESLA","SID","SFO"
"2026/05/14","WESTCHESTER","EIGHT","ZNY","2023/11/30","N","HPN8.HPN","SID","HPN"
"2026/05/14","WETSI","TWO","ZAN","2020/09/10","N","WETSI2.WETSI","SID","CDB"
"2026/05/14","WHAMY","FIVE","ZSE","2024/10/31","Y","WHAMY5.WHAMY","SID","PDX"
"2026/05/14","WHITEHALL","FIVE","ZLC","2018/05/24","N","HIA5.HIA","SID","BZN"
"2026/05/14","WHITEMAN","ONE","ZLA","2018/05/24","N","NOT ASSIGNED","OBSTACLE","WHP"
"2026/05/14","WHRLI","SEVEN","ZKC","2021/10/07","Y","WHRLI7.WHRLI","SID","STL"
"2026/05/14","WILDCAT","SIX","ZKC","2023/10/05","N","WLDCT6.MCI","SID","FLV GPH IXD LXT MCI MKC OJC STJ"
"2026/05/14","WILLISTON","SIX","ZLC","2021/06/17","N","ISN6.ISN","SID","XWA"
"2026/05/14","WILSY","THREE","ZKC","2023/08/10","Y","WILSY3.WILSY","SID","MHK"
"2026/05/14","WINEP","ONE","ZMP","2018/11/08","Y","WINEP1.WINEP","SID","2P2"
"2026/05/14","WIPES","ONE","ZSE","2013/03/07","Y","WIPES1.WIPES","OBSTACLE","2S8"
"2026/05/14","WLDKT","FOUR","ZAB","2023/11/30","Y","WLDKT4.WLDKT","SID","TUS"
"2026/05/14","WLFRD","TWO","ZSU","2016/09/15","Y","WLFRD2.WLFRD","SID","PSE"
"2026/05/14","WLKKR","FIVE","ZLA","2025/02/20","Y","WLKKR5.WLKKR","SID","VNY"
"2026/05/14","WLSTN","SEVEN","ZMP","2017/08/17","N","WLSTN7.WLSTN","SID","ANE FCM MSP STP"
"2026/05/14","WNGSS","ONE","ZDV","2020/03/26","Y","WNGSS1.WNGSS","SID","APA BJC CFO FNL GXY LMO"
"2026/05/14","WNNDY","THREE","ZLA","2019/01/03","Y","WNNDY3.WNNDY","SID","LAX"
"2026/05/14","WNSKI","TWO","ZAB","2019/06/20","N","WNSKI2.WNSKI","SID","PRC"
"2026/05/14","WOBKA","TWO","ZNY","2016/07/21","Y","WOBKA2.WOBKA","SID","P34"
"2026/05/14","WOODSIDE","TWO","ZOA","2016/09/15","N","OSI2.OSI","SID","NUQ"
"2026/05/14","WOOLY","TWO","ZDC","2021/12/02","Y","WOOLY2.WOOLY","SID","IAD"
"2026/05/14","WORTH","ONE","ZFW","2024/01/25","N","WORTH1.TTT","SID","ADS AFW DAL DFW DTO FTW FWS GKY GPM HQZ LNC NFW RBD TKI"
"2026/05/14","WRING","FOUR","ZLA","2016/05/26","N","WRING4.WRING","SID","BFL"
"2026/05/14","WSTEX","TWO","ZFW","2016/02/04","Y","WSTEX2.WSTEX","SID","DFW"
"2026/05/14","WUXOT","ONE","ZLC","2017/06/22","Y","WUXOT1.DTA","OBSTACLE","41U"
"2026/05/14","WYLSN","EIGHT","ZHU","2021/10/07","Y","WYLSN8.WYLSN","SID","54T 6R3 ARM AXH BYY CXO DWH EFD GLS HOU HPY IAH IWS LBX LVJ SGR T00 T41 T78 TME"
"2026/05/14","WYLYY","FIVE","ZBW","2022/09/08","Y","WYLYY5.WYLYY","SID","BOS"
"2026/05/14","WYNGS","FIVE","ZDC","2020/12/31","Y","WYNGS5.WYNGS","SID","DCA"
"2026/05/14","WYNNR","FOUR","ZLA","2020/11/05","N","WYNNR4.WYNNR","SID","SBP"
"2026/05/14","XAVRR","TWO","ZID","2024/10/31","Y","XAVRR2.XAVRR","SID","LUK"
"2026/05/14","XEROX","EIGHT","ZOB","2024/10/31","N","XEROX8.XEROX","SID","ROC"
"2026/05/14","XXWNG","ONE","ZDV","2020/12/31","Y","XXWNG1.XXWNG","SID","DEN"
"2026/05/14","YAKIMA","SEVEN","ZSE","2016/11/10","N","YKM7.YKM","SID","YKM"
"2026/05/14","YELLOWSTONE","FIVE","ZDV","2025/06/12","N","YELLO5.DEN","SID","APA BJC BKF CFO DEN FNL GXY"
"2026/05/14","YELM","FIVE","ZSE","2018/07/19","N","YELM5.YELM","SID","OLM"
"2026/05/14","YERINGTON","ONE","ZOA","2024/09/05","Y","O431.O43","OBSTACLE","O43"
"2026/05/14","YMONT","ONE","ZLC","2017/06/22","Y","YMONT1.YMONT","OBSTACLE","41U"
"2026/05/14","YODUH","TWO","ZHU","2025/08/07","Y","YODUH2.YODUH","SID","5C1 BAZ CVB PEZ RND SAT SKF SSF"
"2026/05/14","YOSEMITE","THREE","ZOA","2018/07/19","N","YOSE3.NTELL","SID","FAT"
"2026/05/14","YOTES","SIX","ZAB","2018/05/24","Y","YOTES6.YOTES","SID","CHD DVT GEU GYR IWA SDL"
"2026/05/14","YUBBA","ONE","ZOA","2024/01/25","N","YUBBA1.YUBBA","OBSTACLE","AUN"
"2026/05/14","YUCCA","ONE","ZLA","2025/06/12","Y","YUCCA1.YUCCA","SID","PSP"
"2026/05/14","ZAAPA","SIX","ZOB","2025/11/27","Y","ZAAPA6.ZAAPA","SID","BKL CGF CLE LNN LPR"
"2026/05/14","ZACHH","FOUR","ZFW","2022/09/08","Y","ZACHH4.ZACHH","SID","DFW"
"2026/05/14","ZAPPA","FOUR","ZMA","2015/06/25","Y","ZAPPA4.ZAPPA","SID","FLL"
"2026/05/14","ZARLO","TWO","ZSE","2016/11/10","Y","ZARLO2.ZARLO","SID","EAT"
"2026/05/14","ZEBUV","ONE","ZAN","2019/12/05","Y","ZEBUV1.ZEBUV","OBSTACLE","7AK"
"2026/05/14","ZEFFR","NINE","ZOA","2024/07/11","Y","ZEFFR9.ZEFFR","SID","RNO"
"2026/05/14","ZELAN","FOUR","ZTL","2017/04/27","Y","ZELAN4.ZELAN","SID","ATL"
"2026/05/14","ZEPER","TWO","ZAB","2020/05/21","Y","ZEPER2.ZEPER","SID","PHX"
"2026/05/14","ZETTR","FOUR","ZOB","2024/05/16","Y","ZETTR4.ZETTR","SID","ARB DET DTW MTC ONZ OZW PTK TTF VLL YIP"
"2026/05/14","ZEYOU","ONE","ZOB","2026/03/19","Y","ZEYOU1.ZEYOU","OBSTACLE","BKL"
"2026/05/14","ZIASE","FIVE","ZAB","2024/01/25","N","ZIASE5.ZIASE","SID","SAF"
"2026/05/14","ZILKO","ONE","ZAN","2003/12/25","Y","ZILKO1.ZILKO","OBSTACLE","PNP"
"2026/05/14","ZILLA","THREE","ZSE","2012/07/26","N","ZILLA3.YKM","OBSTACLE","YKM"
"2026/05/14","ZILLI","FIVE","ZLA","2023/02/23","Y","ZILLI5.ZILLI","SID","LAX"
"2026/05/14","ZIMMR","FOUR","ZDV","2026/03/19","Y","ZIMMR4.ZIMMR","SID","DEN"
"2026/05/14","ZIONZ","ONE","ZLC","2018/05/24","Y","ZIONZ1.ZIONZ","SID","SLC"
"2026/05/14","ZMBRO","SEVEN","ZMP","2017/08/17","N","ZMBRO7.ZMBRO","SID","ANE FCM MSP STP"
"2026/05/14","ZOOMM","THREE","ZLA","2020/09/10","Y","ZOOMM3.ZOOMM","SID","LGB"
"2026/05/14","ZUMIT","FIVE","ZME","2020/12/31","Y","ZUMIT5.ZUMIT","SID","MEM"
"2026/05/14","ZUNGU","ONE","ZLA","2008/04/10","Y","ZUNGU1.ZUNGU","OBSTACLE","L08"
"2026/05/14","ZZOOO","FOUR","ZLA","2024/10/31","Y","ZZOOO4.ZZOOO","SID","SAN"
