"EFF_DATE","FACILITY_ID","FACILITY_TYPE","STATE_CODE","COUNTRY_CODE","RADAR_TYPE","RADAR_NO","RADAR_HRS","REMARK"
"2026/06/11","ABE","AIRPORT","PA","US","ASR",1,"24",""
"2026/06/11","ABI","AIRPORT","TX","US","ASR",1,"24",""
"2026/06/11","ABQ","AIRPORT","NM","US","ASR",1,"24",""
"2026/06/11","ACK","AIRPORT","MA","US","ASR",1,"0600-2100",""
"2026/06/11","ACT","AIRPORT","TX","US","ASR",1,"0600-0000",""
"2026/06/11","ACY","AIRPORT","NJ","US","ASR",1,"24",""
"2026/06/11","ADW","AIRPORT","MD","US","ASR",1,"24",""
"2026/06/11","AGS","AIRPORT","GA","US","ASR",1,"0645-2300",""
"2026/06/11","ALB","AIRPORT","NY","US","ASR",1,"24",""
"2026/06/11","AMA","AIRPORT","TX","US","ASR",1,"0600-0000",""
"2026/06/11","ANC","AIRPORT","AK","US","ASR",1,"24",""
"2026/06/11","APN","AIRPORT","MI","US","ASR",1,"0800-1600 WKDAYS; EXCP HOLS",""
"2026/06/11","ASE","AIRPORT","CO","US","BCN",1,"0700-2000",""
"2026/06/11","ATL","AIRPORT","GA","US","ASR",1,"24",""
"2026/06/11","AUS","AIRPORT","TX","US","ASR",1,"24",""
"2026/06/11","AVL","AIRPORT","NC","US","ASR",1,"0630-2300",""
"2026/06/11","AVP","AIRPORT","PA","US","ASR",2,"24",""
"2026/06/11","AZO","AIRPORT","MI","US","ASR",1,"0600-2300",""
"2026/06/11","BAB","AIRPORT","CA","US","ASR",2,"24",""
"2026/06/11","BAB","AIRPORT","CA","US","PAR",3,"1800-2200Z++TUE-THUR.","(RADAR_TYPE) RADAR - PAR - NO NOTAM MP: 1500-1730Z++ MON-FRI."
"2026/06/11","BAD","AIRPORT","LA","US","ASR",1,"24",""
"2026/06/11","BAD","AIRPORT","LA","US","PAR",2,"0700-2300","(RADAR_TYPE) SEE TERMINAL FLIP FOR RADAR MINIMA."
"2026/06/11","BDL","AIRPORT","CT","US","ASR",1,"24",""
"2026/06/11","BFL","AIRPORT","CA","US","ASR",2,"0600-2300",""
"2026/06/11","BGM","AIRPORT","NY","US","ASR",1,"24",""
"2026/06/11","BGR","AIRPORT","ME","US","ASR",2,"24",""
"2026/06/11","BHM","AIRPORT","AL","US","ASR",1,"24",""
"2026/06/11","BIL","AIRPORT","MT","US","ASR",2,"24",""
"2026/06/11","BIS","AIRPORT","ND","US","ASR",1,"0600-2400",""
"2026/06/11","BLV","AIRPORT","IL","US","ASR",1,"24 HRS",""
"2026/06/11","BNA","AIRPORT","TN","US","ASR",1,"24",""
"2026/06/11","BOI","AIRPORT","ID","US","ASR",2,"24",""
"2026/06/11","BOS","AIRPORT","MA","US","ASR",1,"24",""
"2026/06/11","BPT","AIRPORT","TX","US","ASR",1,"0600-2200",""
"2026/06/11","BTR","AIRPORT","LA","US","ASR",1,"0500-0000",""
"2026/06/11","BTV","AIRPORT","VT","US","ASR",1,"24",""
"2026/06/11","BUF","AIRPORT","NY","US","ASR",1,"24",""
"2026/06/11","BUR","AIRPORT","CA","US","ASR",1,"24",""
"2026/06/11","BWI","AIRPORT","MD","US","ASR",1,"24",""
"2026/06/11","C90","TRACON","IL","US","ASR",1,"24",""
"2026/06/11","C90","TRACON","IL","US","ASR",2,"24",""
"2026/06/11","C90","TRACON","IL","US","ASR",3,"24",""
"2026/06/11","C90","TRACON","IL","US","ASR",4,"24",""
"2026/06/11","CAE","AIRPORT","SC","US","ASR",1,"24",""
"2026/06/11","CAK","AIRPORT","OH","US","ASR",1,"24",""
"2026/06/11","CBM","AIRPORT","MS","US","ASR",2,"ASR APCH SVC AVBL FOR EMERGENCY AND OT CONTIGENT UPON MANPOWER AND EQUIPMENT AVAILABILITY. SECONDARY ASR IS MSSR.","(RADAR_TYPE) MONOPULSE SECONDARY SURVEILLANCE RADAR (ASR/MSSR) SYSTEM."
"2026/06/11","CEF","AIRPORT","MA","US","ASR",1,"0700-2300",""
"2026/06/11","CHA","AIRPORT","TN","US","ASR",1,"0600-2350",""
"2026/06/11","CHO","AIRPORT","VA","US","ASR",1,"24",""
"2026/06/11","CHS","AIRPORT","SC","US","ASR",1,"24",""
"2026/06/11","CID","AIRPORT","IA","US","ASR",1,"0500-2330",""
"2026/06/11","CKB","AIRPORT","WV","US","ASR",1,"0700-2300",""
"2026/06/11","CLE","AIRPORT","OH","US","ASR",1,"24",""
"2026/06/11","CLT","AIRPORT","NC","US","ASR",1,"24",""
"2026/06/11","CMH","AIRPORT","OH","US","ASR",1,"24",""
"2026/06/11","CMI","AIRPORT","IL","US","ASR",1,"0800-2000","(RADAR_TYPE) PRACTICE."
"2026/06/11","COF","AIRPORT","FL","US","ASR",1,"0700-2300 MON-FRI; 0900-2300 SAT & SUN",""
"2026/06/11","COS","AIRPORT","CO","US","ASR",1,"24",""
"2026/06/11","COU","AIRPORT","MO","US","ASR",1,"24",""
"2026/06/11","CPR","AIRPORT","WY","US","ASR",1,"0500-2100",""
"2026/06/11","CRP","AIRPORT","TX","US","ASR",2,"24",""
"2026/06/11","CRW","AIRPORT","WV","US","ASR",1,"24",""
"2026/06/11","CSG","AIRPORT","GA","US","ASR",1,"APCH/DEP CONTROL AT TRACON A80.",""
"2026/06/11","CVG","AIRPORT","KY","US","ASR",1,"24",""
"2026/06/11","CVS","AIRPORT","NM","US","ASR",1,"SAME AS ATCT HRS","(RADAR_TYPE) DASR NO-NOTAM MP MON-FRI 0900-1330Z++."
"2026/06/11","CYS","AIRPORT","WY","US","ASR",1,"ASR 0800-1300 MON-THU, EXC FED HOLS.",""
"2026/06/11","CYS","AIRPORT","WY","US","PAR",2,"PAR 0800-1300 MON-THU, EXC FED HOLS.",""
"2026/06/11","D10","TRACON","TX","US","ASR",1,"24","(RADAR_TYPE) ASR-9 SERVES AS ADDNL ASR FOR DALLAS/FORT WORTH INTL AND ALSO SERVES DALLAS LOVE FIELD."
"2026/06/11","D10","TRACON","TX","US","ASR",2,"24",""
"2026/06/11","DAA","AIRPORT","VA","US","ASR",1,"0700-1900 WKDAY; EXCP HOL. 2 HR PPR OTR TIMES.",""
"2026/06/11","DAA","AIRPORT","VA","US","PAR",2,"0700-1900 WKDAY; EXCP HOL. 2 HR PPR OTR TIMES.",""
"2026/06/11","DAB","AIRPORT","FL","US","ASR",1,"24",""
"2026/06/11","DAY","AIRPORT","OH","US","ASR",1,"24",""
"2026/06/11","DCA","AIRPORT","DC","US","ASR",1,"24",""
"2026/06/11","DEN","AIRPORT","CO","US","ASR",1,"24",""
"2026/06/11","DFW","AIRPORT","TX","US","ASR",2,"24","(RADAR_TYPE) ASR-9 SERVES AS ADDNL ASR FOR DALLAS/FORT WORTH INTL AND ALSO SERVES DALLAS LOVE FIELD."
"2026/06/11","DLF","AIRPORT","TX","US","ASR",1,"24","(RADAR_TYPE) DASR NO-NOTAM MP: 0600-1200Z MON-FRI."
"2026/06/11","DLH","AIRPORT","MN","US","ASR",1,"24",""
"2026/06/11","DMA","AIRPORT","AZ","US","ASR",1,"24",""
"2026/06/11","DMA","AIRPORT","AZ","US","PAR",2,"24",""
"2026/06/11","DOV","AIRPORT","DE","US","ASR",1,"24","(RADAR_TYPE) NO-NOTAM MP:  0500-1100Z++MON-FRI (1000/3+1)."
"2026/06/11","DPA","AIRPORT","IL","US","ASR",1,"24",""
"2026/06/11","DSM","AIRPORT","IA","US","ASR",1,"24",""
"2026/06/11","DTW","AIRPORT","MI","US","ASR",1,"24",""
"2026/06/11","DYS","AIRPORT","TX","US","ASR",1,"24",""
"2026/06/11","EDF","AIRPORT","AK","US","ASR",1,"24",""
"2026/06/11","EDF","AIRPORT","AK","US","PAR",2,"24",""
"2026/06/11","EDW","AIRPORT","CA","US","ASR",2,"24",""
"2026/06/11","ELM","AIRPORT","NY","US","ASR",1,"24",""
"2026/06/11","ELP","AIRPORT","TX","US","ASR",1,"24",""
"2026/06/11","END","AIRPORT","OK","US","ASR",1,"0700-1900 MON-FRI; 1300-1700 SUN. EXCEPT HOLS.","(RADAR_TYPE) MP 1000-1230Z++ MON-FRI, 1400-2200Z++ SAT, 1400-1800Z++ SUN."
"2026/06/11","ERI","AIRPORT","PA","US","ASR",1,"0600-0000",""
"2026/06/11","EUG","AIRPORT","OR","US","ASR",1,"0600-2330",""
"2026/06/11","EVV","AIRPORT","IN","US","ASR",1,"0600-2300",""
"2026/06/11","EWR","AIRPORT","NJ","US","ASR",1,"24",""
"2026/06/11","FAI","AIRPORT","AK","US","ASR",1,"24",""
"2026/06/11","FAR","AIRPORT","ND","US","ASR",2,"24",""
"2026/06/11","FAT","AIRPORT","CA","US","ASR",2,"24",""
"2026/06/11","FAY","AIRPORT","NC","US","ASR",1,"0600-2400",""
"2026/06/11","FBG","AIRPORT","NC","US","ASR",1,"1300-0500Z++ MON-SAT, CLSD HOL, OT BY NOTAM.",""
"2026/06/11","FBK","AIRPORT","AK","US","ASR",1,"0700-1500.",""
"2026/06/11","FBK","AIRPORT","AK","US","PAR",2,"0700-1500.",""
"2026/06/11","FFO","AIRPORT","OH","US","ASR",1,"24",""
"2026/06/11","FL34","AIRPORT","FL","US","ASR",2,"24",""
"2026/06/11","FLL","AIRPORT","FL","US","ASR",1,"24",""
"2026/06/11","FMH","AIRPORT","MA","US","ASR",1,"24",""
"2026/06/11","FNT","AIRPORT","MI","US","ASR",1,"0545-2330",""
"2026/06/11","FRI","AIRPORT","KS","US","ASR",1,"OPR 1400- 0700Z++ MON-FRI ; 1400-2200Z++FRI EXC HOL.",""
"2026/06/11","FSD","AIRPORT","SD","US","ASR",2,"0500-2300",""
"2026/06/11","FSI","AIRPORT","OK","US","ASR",1,"24",""
"2026/06/11","FSM","AIRPORT","AR","US","ASR",1,"24",""
"2026/06/11","FWA","AIRPORT","IN","US","ASR",1,"24",""
"2026/06/11","FYV","AIRPORT","AR","US","ASR",1,"0600-2200",""
"2026/06/11","GEG","AIRPORT","WA","US","ASR",1,"24",""
"2026/06/11","GGG","AIRPORT","TX","US","ASR",1,"0600-2200",""
"2026/06/11","GPT","AIRPORT","MS","US","ASR",1,"0600-2300",""
"2026/06/11","GRB","AIRPORT","WI","US","ASR",1,"0530-1130",""
"2026/06/11","GRF","AIRPORT","WA","US","ASR",1,"0600-2200",""
"2026/06/11","GRK","AIRPORT","TX","US","ASR",2,"24",""
"2026/06/11","GRK","AIRPORT","TX","US","PAR",3,"24",""
"2026/06/11","GRR","AIRPORT","MI","US","ASR",1,"0530-0000",""
"2026/06/11","GSB","AIRPORT","NC","US","ASR",1,"1200-0400Z++.  DIGITAL ASR NO-NOTAM MP 0500-1030Z++ MON-FRI.",""
"2026/06/11","GSO","AIRPORT","NC","US","ASR",1,"24",""
"2026/06/11","GSP","AIRPORT","SC","US","ASR",2,"0600-2345",""
"2026/06/11","GTB","AIRPORT","NY","US","PAR",1,"24",""
"2026/06/11","GTB","AIRPORT","NY","US","ASR",2,"24",""
"2026/06/11","GTF","AIRPORT","MT","US","ASR",1,"24",""
"2026/06/11","GUM","AIRPORT","GU","US","ASR",1,"UNK",""
"2026/06/11","GUS","AIRPORT","IN","US","ASR",2,"NO-NOTAM MP 1200-1400Z++ MON.  ASR APCH SVC 1200-0400Z++ DLY.",""
"2026/06/11","GVT","AIRPORT","TX","US","ASR",1,"0730-1600",""
"2026/06/11","GXY","AIRPORT","CO","US","ASR",1,"24",""
"2026/06/11","HEY","AIRPORT","AL","US","PAR",1,"OPR 1130-0545Z++ OR TIL MISSION CMPLT, MON-FRI EXC HOL, OT CTC CAIRNS TWR.",""
"2026/06/11","HMN","AIRPORT","NM","US","ASR",1,"0800-2200",""
"2026/06/11","HNL","AIRPORT","HI","US","ASR",1,"24",""
"2026/06/11","HOP","AIRPORT","KY","US","PAR",2,"PAR UNAVBL 0400-1400Z++.",""
"2026/06/11","HOP","AIRPORT","KY","US","ASR",3,"0600-2200.  ILS RADAR SEE TERMINAL FLIP FOR RADAR MINIMA.",""
"2026/06/11","HOU","AIRPORT","TX","US","ASR",1,"24",""
"2026/06/11","HPN","AIRPORT","NY","US","ASR",1,"0600-2300",""
"2026/06/11","HRL","AIRPORT","TX","US","ASR",1,"0600-0000",""
"2026/06/11","HST","AIRPORT","FL","US","ASR",1,"0700-2300","(RADAR_HRS) NO-NOTAM MP: 1000-1400Z++ WED (1500/3+1)."
"2026/06/11","HSV","AIRPORT","AL","US","ASR",1,"0600-0000",""
"2026/06/11","HTS","AIRPORT","WV","US","ASR",1,"24",""
"2026/06/11","HUA","AIRPORT","AL","US","PAR",1,"0600-1900 MON-FRI EXCP HOLS; OTR TIMES PPR.",""
"2026/06/11","HUF","AIRPORT","IN","US","ASR",1,"24",""
"2026/06/11","I90","TRACON","TX","US","ASR",1,"24",""
"2026/06/11","I90","TRACON","TX","US","ASR",2,"24",""
"2026/06/11","I90","TRACON","TX","US","ASR",3,"24",""
"2026/06/11","I90","TRACON","TX","US","ASR",4,"24",""
"2026/06/11","IAD","AIRPORT","DC","US","ASR",1,"24",""
"2026/06/11","IAH","AIRPORT","TX","US","ASR",1,"24",""
"2026/06/11","ICT","AIRPORT","KS","US","ASR",1,"24",""
"2026/06/11","ILM","AIRPORT","NC","US","ASR",1,"24",""
"2026/06/11","ILN","AIRPORT","OH","US","ASR",1,"24",""
"2026/06/11","IND","AIRPORT","IN","US","ASR",1,"24",""
"2026/06/11","ISP","AIRPORT","NY","US","ASR",1,"0600-0000",""
"2026/06/11","ITO","AIRPORT","HI","US","ASR",1,"0600-2200",""
"2026/06/11","IWA","AIRPORT","AZ","US","ASR",1,"0600-2200",""
"2026/06/11","JAN","AIRPORT","MS","US","ASR",1,"0600-2300",""
"2026/06/11","JAX","AIRPORT","FL","US","ASR",1,"24",""
"2026/06/11","JFK","AIRPORT","NY","US","ASR",1,"24",""
"2026/06/11","JRF","AIRPORT","HI","US","ASR",1,"1000-1800.","(RADAR_TYPE) GCA OTS INDEFLY."
"2026/06/11","JRF","AIRPORT","HI","US","PAR",2,"1000-1800.","(RADAR_TYPE) GCA OTS INDEFLY."
"2026/06/11","KWA","AIRPORT","","MH","BCN",1,"MON 1200-2000, TUE-SAT 0545-2130",""
"2026/06/11","LAN","AIRPORT","MI","US","ASR",1,"24",""
"2026/06/11","LAS","AIRPORT","NV","US","ASR",1,"24",""
"2026/06/11","LAX","AIRPORT","CA","US","ASR",2,"24",""
"2026/06/11","LCH","AIRPORT","LA","US","ASR",1,"0600-2200",""
"2026/06/11","LEX","AIRPORT","KY","US","ASR",1,"24",""
"2026/06/11","LFI","AIRPORT","VA","US","ASR",1,"24",""
"2026/06/11","LFT","AIRPORT","LA","US","ASR",1,"0530-2230",""
"2026/06/11","LGB","AIRPORT","CA","US","ASR",1,"24",""
"2026/06/11","LIH","AIRPORT","HI","US","ASR",1,"24",""
"2026/06/11","LIT","AIRPORT","AR","US","ASR",1,"24",""
"2026/06/11","LMT","AIRPORT","OR","US","ASR",1,"24",""
"2026/06/11","LNK","AIRPORT","NE","US","ASR",1,"0530-0000",""
"2026/06/11","LRF","AIRPORT","AR","US","ASR",1,"1400-2200Z++ MON-FRI, CLSD WKENDS & HOLS.",""
"2026/06/11","LSV","AIRPORT","NV","US","ASR",1,"24","(RADAR_TYPE) ILS/RADAR: TOLICHA PEAK RADAR - NO-NOTAM MP: ASR FIRST FULL WEEK OF EVERY MONTH.  "
"2026/06/11","LSV","AIRPORT","NV","US","ASR",3,"NELLIS ASR NO-NOTAM MP 0700-1100Z++ MON-FRI.","(RADAR_TYPE) ILS/RADAR: TOLICHA PEAK RADAR - NO-NOTAM MP: ASR FIRST FULL WEEK OF EVERY MONTH.  "
"2026/06/11","LTS","AIRPORT","OK","US","ASR",1,"ASR OPRS 0730-0130 MON-FRI EXCP HOL.",""
"2026/06/11","LTS","AIRPORT","OK","US","PAR",2,"PAR OPRS 1000-0000 MON-FRI EXCP HOL.",""
"2026/06/11","LUF","AIRPORT","AZ","US","ASR",1,"OPR MON-THU 1330Z-0530Z, FRI 1330Z-0130Z, CLSD WEEKENDS, HOL, AND AETC FAMILY DAYS.  NO NOTAM MP: ASR (DIGITAL) 0600-1330Z WEEKDAY.",""
"2026/06/11","LUF","AIRPORT","AZ","US","PAR",2,"OPR MON-THU 1330Z-0530Z, FRI 1330Z-0130Z, CLSD WEEKENDS, HOL, AND AETC FAMILY DAYS.",""
"2026/06/11","LYH","AIRPORT","VA","US","ASR",1,"24",""
"2026/06/11","MAF","AIRPORT","TX","US","ASR",1,"0600-0000",""
"2026/06/11","MBS","AIRPORT","MI","US","ASR",1,"0600-2300",""
"2026/06/11","MCC","AIRPORT","CA","US","ASR",1,"24",""
"2026/06/11","MCI","AIRPORT","MO","US","ASR",1,"24",""
"2026/06/11","MCO","AIRPORT","FL","US","ASR",1,"24",""
"2026/06/11","MDT","AIRPORT","PA","US","ASR",1,"24",""
"2026/06/11","MEI","AIRPORT","MS","US","ASR",1,"0900-1700 MON-FRI EXCP HOLS.",""
"2026/06/11","MEI","AIRPORT","MS","US","PAR",2,"0900-1700 MON-FRI EXCP HOLS.",""
"2026/06/11","MEM","AIRPORT","TN","US","ASR",1,"24",""
"2026/06/11","MFD","AIRPORT","OH","US","ASR",1,"0600-2300",""
"2026/06/11","MFR","AIRPORT","OR","US","ASR",1,"0600-2300",""
"2026/06/11","MGE","AIRPORT","GA","US","ASR",1,"0700-2300.",""
"2026/06/11","MGM","AIRPORT","AL","US","ASR",1,"0600-2300",""
"2026/06/11","MHT","AIRPORT","NH","US","ASR",1,"24",""
"2026/06/11","MIA","AIRPORT","FL","US","ASR",2,"24",""
"2026/06/11","MIB","AIRPORT","ND","US","ASR",2,"OPR 24 HRS FROM MON 1300Z++ THRU SAT 0500Z++ SAT AND SUN 1300-0500Z++.","(RADAR_TYPE) DIGITAL ASR NO-NOTAM MP 0600-1200Z++ MON-FRI (1500/3+1)."
"2026/06/11","MKE","AIRPORT","WI","US","ASR",1,"24",""
"2026/06/11","MKG","AIRPORT","MI","US","ASR",1,"0600-2300",""
"2026/06/11","MLI","AIRPORT","IL","US","ASR",1,"24",""
"2026/06/11","MLU","AIRPORT","LA","US","ASR",1,"0600-2200",""
"2026/06/11","MOB","AIRPORT","AL","US","ASR",1,"0600-2300",""
"2026/06/11","MRB","AIRPORT","WV","US","ASR",1,"24",""
"2026/06/11","MRY","AIRPORT","CA","US","ASR",1,"0600-2100","(RADAR_TYPE) ASR-11 ANTENNA LOCATED MARINA MUNI (OAR), REMOTED TO MONTEREY RGNL (MRY). ASR-11 SERVES MRY AND OAR."
"2026/06/11","MSN","AIRPORT","WI","US","ASR",1,"0600-2300",""
"2026/06/11","MSO","AIRPORT","MT","US","ASR",1,"0600-2320",""
"2026/06/11","MSP","AIRPORT","MN","US","ASR",1,"24",""
"2026/06/11","MSY","AIRPORT","LA","US","ASR",1,"24",""
"2026/06/11","MTC","AIRPORT","MI","US","ASR",2,"0730-2300",""
"2026/06/11","MUO","AIRPORT","ID","US","ASR",1,"24",""
"2026/06/11","MWH","AIRPORT","WA","US","ASR",1,"0600-2200",""
"2026/06/11","MYNN","AIRPORT","","BS","ASR",1,"24",""
"2026/06/11","MYR","AIRPORT","SC","US","ASR",1,"0600-2300.",""
"2026/06/11","N90","TRACON","NY","US","ASR",1,"24",""
"2026/06/11","N90","TRACON","NY","US","ASR",2,"24",""
"2026/06/11","N90","TRACON","NY","US","ASR",3,"24",""
"2026/06/11","N90","TRACON","NY","US","ASR",4,"24",""
"2026/06/11","N90","TRACON","NY","US","ASR",5,"24",""
"2026/06/11","NBC","AIRPORT","SC","US","PAR",2,"0700-2300 LCL",""
"2026/06/11","NBC","AIRPORT","SC","US","ASR",3,"0700-2300 LCL",""
"2026/06/11","NBG","AIRPORT","LA","US","ASR",1,"MON-FRI 0700-2300.  SAT-SUN 0900-1700.",""
"2026/06/11","NBG","AIRPORT","LA","US","PAR",2,"MON-FRI 0700-2300.  SAT-SUN 0900-1700.",""
"2026/06/11","NCA","AIRPORT","NC","US","ASR",3,"24",""
"2026/06/11","NCA","AIRPORT","NC","US","PAR",4,"24",""
"2026/06/11","NCT","TRACON","CA","US","ARSR",1,"24",""
"2026/06/11","NCT","TRACON","CA","US","ARSR",2,"24",""
"2026/06/11","NCT","TRACON","CA","US","ARSR",3,"24",""
"2026/06/11","NCT","TRACON","CA","US","ASR",4,"24",""
"2026/06/11","NDZ","AIRPORT","FL","US","ASR",1,"SAME AS ARPT OPS HRS.",""
"2026/06/11","NDZ","AIRPORT","FL","US","PAR",2,"SAME AS ARPT OPS HRS.",""
"2026/06/11","NFG","AIRPORT","CA","US","ASR",1,"1600-0800Z MON-THU, 1600-0100Z++ FRI; CLSD SAT, SUN AND HOL.","(RADAR_TYPE) ILS/RADAR - RADAR - SEE TERMINAL FLIP FOR RADAR MINIMA."
"2026/06/11","NFG","AIRPORT","CA","US","PAR",2,"1600-2000Z++ AND 0000-0100Z++ MON, 1600-0100Z++  FRI,  1600-0800Z++ TUE-THU; CLSD SAT, SUN AND HOL.",""
"2026/06/11","NFL","AIRPORT","NV","US","ASR",2,"SAME AS ARPT HRS.",""
"2026/06/11","NFL","AIRPORT","NV","US","PAR",3,"SAME AS ARPT HRS.  RADAR - SEE TRML FLIP FOR RADAR MINIMA.",""
"2026/06/11","NFW","AIRPORT","TX","US","ASR",1,"1300-0500Z++ MON-FRI, EXC HOL.",""
"2026/06/11","NFW","AIRPORT","TX","US","PAR",2,"1300-0500Z++ MON-FRI, EXC HOL.",""
"2026/06/11","NGF","AIRPORT","HI","US","ASR",1,"1800-0800Z MON-FRI; CLSD SAT, SUN AND HOL. MP 1630-2300Z WED.",""
"2026/06/11","NGP","AIRPORT","TX","US","PAR",1,"24",""
"2026/06/11","NGU","AIRPORT","VA","US","ASR",1,"RADAR - SEE TERMINAL FLIP FOR RADAR MINIMA.",""
"2026/06/11","NGU","AIRPORT","VA","US","PAR",2,"RADAR - SEE TERMINAL FLIP FOR RADAR MINIMA.",""
"2026/06/11","NHK","AIRPORT","MD","US","ASR",1,"1200-0400Z++ MON-FRI, 1300-2300Z++SAT-SUN.","(RADAR_HRS) SEE TERMINAL FLIP FOR RADAR MINIMA. ASR-11, PAR."
"2026/06/11","NHK","AIRPORT","MD","US","PAR",2,"1200-0400Z++ MON-FRI, 1300-2300Z++ SAT-SUN.",""
"2026/06/11","NIP","AIRPORT","FL","US","PAR",2,"NO-NOTAM MAINTENANCE SCHEDULE: PAR 1200-1600Z++ TUES. SEE FLIP AP/1 FOR ADDITIONAL SUPPLEMENTARY ARPT INFO.  SEE TERMINAL FLIP FOR RADAR MINIMA.",""
"2026/06/11","NIP","AIRPORT","FL","US","ASR",3,"24",""
"2026/06/11","NJK","AIRPORT","CA","US","ASR",1,"24 HRS",""
"2026/06/11","NKT","AIRPORT","NC","US","ASR",3,"24",""
"2026/06/11","NKT","AIRPORT","NC","US","PAR",4,"24",""
"2026/06/11","NKX","AIRPORT","CA","US","ASR",1,"24 HRS",""
"2026/06/11","NKX","AIRPORT","CA","US","PAR",2,"1530-0800Z MON-THU; 1630-0200Z++ FRI; CLSD SAT; 2200-0200Z++SUN.  FLD CLSD NATL HOLS.",""
"2026/06/11","NLC","AIRPORT","CA","US","ASR",2,"24",""
"2026/06/11","NLC","AIRPORT","CA","US","PAR",3,"0700-2400 MON-FRI; 0800-2400 SAT-SUN-HOL.",""
"2026/06/11","NMM","AIRPORT","MS","US","PAR",2,"0700-2300",""
"2026/06/11","NMM","AIRPORT","MS","US","ASR",4,"24",""
"2026/06/11","NPA","AIRPORT","FL","US","PAR",2,"HRS SAME AS ATCT.",""
"2026/06/11","NQI","AIRPORT","TX","US","ASR",1,"SEE ATCT HRS.",""
"2026/06/11","NQX","AIRPORT","FL","US","PAR",2,"1200-0300Z++, OT CTC MIA ARTCC.  SEE TERMINAL FLIP FOR RADAR MINIMA.",""
"2026/06/11","NQX","AIRPORT","FL","US","ASR",3,"1200-0300Z++",""
"2026/06/11","NRB","AIRPORT","FL","US","PAR",3,"24",""
"2026/06/11","NRB","AIRPORT","FL","US","ASR",4,"24",""
"2026/06/11","NRS","AIRPORT","CA","US","PAR",1,"1600-0630Z MON-THU (1500-0600Z DT) AND 1600-0200Z++ FRI. CLSD FR 0200Z++ DAY PRIOR TIL 1600Z++ DAY FLW GOVT HOL.  ILS/RADAR - RADAR - SEE TERMINAL FLIP FOR RADAR MINIMA.",""
"2026/06/11","NSI","AIRPORT","CA","US","ASR",1,"24",""
"2026/06/11","NSI","AIRPORT","CA","US","PAR",2,"24",""
"2026/06/11","NTD","AIRPORT","CA","US","ASR",2,"1500-0700Z++",""
"2026/06/11","NTU","AIRPORT","VA","US","ASR",1,"24",""
"2026/06/11","NTU","AIRPORT","VA","US","PAR",2,"24",""
"2026/06/11","NUC","AIRPORT","CA","US","ASR",1,"0800-1800 MON-FRI","(RADAR_TYPE) ASR NO-NOTAM MP 1800-2200Z++ TUE."
"2026/06/11","NUQ","AIRPORT","CA","US","ASR",1,"24",""
"2026/06/11","NUW","AIRPORT","WA","US","ASR",1,"24",""
"2026/06/11","NUW","AIRPORT","WA","US","PAR",2,"24",""
"2026/06/11","NYG","AIRPORT","VA","US","ASR",1,"1300-0200Z++ MON-THU; 1300-2200Z++ FRI; OPR SAT, SUN,AND HOL BY NOTAM ONLY.",""
"2026/06/11","NYG","AIRPORT","VA","US","PAR",2,"1600-2200Z++ MON; 1300-0200Z++ TUE-THU; 1300-2200Z++ FRI; OPEN SAT, SUN AND HOL BY NOTAM ONLY.",""
"2026/06/11","NYL","AIRPORT","AZ","US","ASR",2,"24",""
"2026/06/11","NYL","AIRPORT","AZ","US","PAR",3,"24",""
"2026/06/11","NZY","AIRPORT","CA","US","PAR",1,"1430Z++ MON- 0600Z++ SAT; 1600Z++ SAT- 0600Z++ SUN; 1600Z++ SUN- 0600Z++ MON. CLSD 0200Z++ DAY PRIOR TO 1430Z++ DAY FOLLOWING ALL FEDERAL HOLIDAYS. SEE FLIP AP/1 SUPPLEMENTARY ARPT INFO.",""
"2026/06/11","NZY","AIRPORT","CA","US","ASR",2,"1430Z++ MON- 0600Z++ SAT; 1600Z++ SAT- 0600Z++ SUN; 1600Z++ SUN- 0600Z++ MON. CLSD 0200Z++ DAY PRIOR TO 1430Z++ DAY FOLLOWING ALL FEDERAL HOLIDAYS. SEE FLIP AP/1 SUPPLEMENTARY ARPT INFO.",""
"2026/06/11","OAK","AIRPORT","CA","US","ASR",1,"24",""
"2026/06/11","OAR","AIRPORT","CA","US","ASR",1,"24","(RADAR_TYPE) ASR-8 ANTENNA LOCATED MARINA MUNI (OAR), REMOTED TO MONTEREY PENINSULA (MRY).  ASR-8 SERVES MRY AND OAR."
"2026/06/11","OGG","AIRPORT","HI","US","ASR",1,"24",""
"2026/06/11","OKC","AIRPORT","OK","US","ASR",1,"24",""
"2026/06/11","OMA","AIRPORT","NE","US","ASR",1,"24",""
"2026/06/11","ONT","AIRPORT","CA","US","ASR",1,"24",""
"2026/06/11","ORD","AIRPORT","IL","US","ASR",2,"24",""
"2026/06/11","ORF","AIRPORT","VA","US","ASR",1,"24",""
"2026/06/11","P50","TRACON","AZ","US","ASR",1,"24",""
"2026/06/11","PAM","AIRPORT","FL","US","ASR",1,"24",""
"2026/06/11","PAM","AIRPORT","FL","US","PAR",2,"24",""
"2026/06/11","PBI","AIRPORT","FL","US","ASR",2,"24",""
"2026/06/11","PDX","AIRPORT","OR","US","ASR",2,"24",""
"2026/06/11","PHL","AIRPORT","PA","US","ASR",1,"24",""
"2026/06/11","PIA","AIRPORT","IL","US","ASR",2,"24",""
"2026/06/11","PIT","AIRPORT","PA","US","ASR",1,"24",""
"2026/06/11","PNS","AIRPORT","FL","US","ASR",1,"24",""
"2026/06/11","POB","AIRPORT","NC","US","PAR",1,"0600-0000",""
"2026/06/11","POE","AIRPORT","LA","US","ASR",1,"24",""
"2026/06/11","POE","AIRPORT","LA","US","PAR",2,"24",""
"2026/06/11","PSC","AIRPORT","WA","US","ASR",1,"0600-2200",""
"2026/06/11","PSM","AIRPORT","NH","US","PAR",1,"24",""
"2026/06/11","PSP","AIRPORT","CA","US","ASR",1,"0600-2300",""
"2026/06/11","PTK","AIRPORT","MI","US","ASR",1,"24",""
"2026/06/11","PUB","AIRPORT","CO","US","ASR",1,"0600-2200",""
"2026/06/11","PVD","AIRPORT","RI","US","ASR",1,"0600-0000",""
"2026/06/11","PWM","AIRPORT","ME","US","ASR",1,"16",""
"2026/06/11","RCA","AIRPORT","SD","US","ASR",2,"DIGITAL ASR NO-NOTAM MP: 0500-1100Z++ MON-FRI.","(RADAR_TYPE) DIGITAL ASR NO-NOTAM MP: 0500-1100Z++ MON-FRI."
"2026/06/11","RDG","AIRPORT","PA","US","ASR",2,"0600-0000",""
"2026/06/11","RDM","AIRPORT","OR","US","ASR",1,"0600-2200",""
"2026/06/11","RDR","AIRPORT","ND","US","ASR",1,"24; ASR NO NOTAM MP 0700-1200Z++ MON-FRI.",""
"2026/06/11","RDU","AIRPORT","NC","US","ASR",1,"24",""
"2026/06/11","RFD","AIRPORT","IL","US","ASR",1,"24",""
"2026/06/11","RIC","AIRPORT","VA","US","ASR",1,"24",""
"2026/06/11","RIV","AIRPORT","CA","US","ASR",1,"1500-0700Z++.  NO-NOTAM MP 0700-1500Z++ WED.",""
"2026/06/11","RNO","AIRPORT","NV","US","ASR",1,"24",""
"2026/06/11","ROA","AIRPORT","VA","US","ASR",1,"24",""
"2026/06/11","ROC","AIRPORT","NY","US","ASR",1,"24",""
"2026/06/11","ROW","AIRPORT","NM","US","ASR",1,"0600-2100",""
"2026/06/11","RST","AIRPORT","MN","US","ASR",1,"0500-2300",""
"2026/06/11","RSW","AIRPORT","FL","US","ASR",1,"0600-0000",""
"2026/06/11","S46","TRACON","WA","US","ASR",1,"24.",""
"2026/06/11","SAT","AIRPORT","TX","US","ASR",1,"24",""
"2026/06/11","SAV","AIRPORT","GA","US","ASR",1,"0600-0000",""
"2026/06/11","SAW","AIRPORT","MI","US","ASR",1,"24",""
"2026/06/11","SBA","AIRPORT","CA","US","ASR",1,"0600-2300",""
"2026/06/11","SBN","AIRPORT","IN","US","ASR",1,"0530-0000SUN-FRI 0530-2345 SAT.",""
"2026/06/11","SCK","AIRPORT","CA","US","ASR",2,"24",""
"2026/06/11","SCT","TRACON","CA","US","ASR",1,"24",""
"2026/06/11","SCT","TRACON","CA","US","ASR",2,"24",""
"2026/06/11","SCT","TRACON","CA","US","ASR",3,"24",""
"2026/06/11","SCT","TRACON","CA","US","ASR",4,"24",""
"2026/06/11","SCT","TRACON","CA","US","ASR",5,"24",""
"2026/06/11","SCT","TRACON","CA","US","ASR",6,"24",""
"2026/06/11","SCT","TRACON","CA","US","ASR",7,"24",""
"2026/06/11","SDF","AIRPORT","KY","US","ASR",1,"24",""
"2026/06/11","SEA","AIRPORT","WA","US","ASR",1,"24",""
"2026/06/11","SGF","AIRPORT","MO","US","ASR",2,"24",""
"2026/06/11","SHV","AIRPORT","LA","US","ASR",1,"24",""
"2026/06/11","SJT","AIRPORT","TX","US","ASR",1,"0600-0000",""
"2026/06/11","SJU","AIRPORT","PR","US","ASR",1,"24",""
"2026/06/11","SLC","AIRPORT","UT","US","ASR",1,"0700-2200",""
"2026/06/11","SLI","AIRPORT","CA","US","ASR",1,"1500-0000Z++ FRI-MON; 1500-0600Z++ TUE-THU; CLSD ALL FEDERAL HOL.  EXP CLOSURE OR RDCD SVC PER NOTAM.",""
"2026/06/11","SPI","AIRPORT","IL","US","ASR",1,"0600-2200",""
"2026/06/11","SPS","AIRPORT","TX","US","ASR",1,"1200-0200Z++",""
"2026/06/11","SRQ","AIRPORT","FL","US","ASR",1,"24",""
"2026/06/11","SSC","AIRPORT","SC","US","ASR",1,"24","(RADAR_TYPE) NO-NOTAM MP: 0400-1100Z++ TUE-FRI DLY (1500/3+1)."
"2026/06/11","STJ","AIRPORT","MO","US","ASR",1,"24",""
"2026/06/11","STJ","AIRPORT","MO","US","PAR",2,"24",""
"2026/06/11","STL","AIRPORT","MO","US","ASR",1,"24",""
"2026/06/11","STT","AIRPORT","VI","US","ASR",1,"24",""
"2026/06/11","SUU","AIRPORT","CA","US","ASR",1,"24","(RADAR_TYPE) COMM/NAV/WEATHER REMARKS: ASR-11/DASR - NO-NOTAM MP 0701-1300Z++ MON THRU FRI. ILS/RADAR-RADAR:  RADAR COVERAGE LTD IN AREA BOUNDED BY SUU075/004, SUU115/013, SUU157/011, SUU185/003. TFC ADZY MAY NOT BE AVBL TO NON-TRANSPONDER EQPT ACFT. "
"2026/06/11","SUX","AIRPORT","IA","US","ASR",2,"0600-2130",""
"2026/06/11","SWF","AIRPORT","NY","US","ASR",1,"24",""
"2026/06/11","SYR","AIRPORT","NY","US","ASR",1,"24",""
"2026/06/11","SZL","AIRPORT","MO","US","ASR",1,"MON THRU FRI 1300Z-0500Z++; SAT-SUN 1400-2300Z++ CLSD HOL.","(RADAR_TYPE) ASR: NO-NOTAM MP 0700-1300Z++ MON, TUE."
"2026/06/11","TIK","AIRPORT","OK","US","PAR",1,"UNK",""
"2026/06/11","TLH","AIRPORT","FL","US","ASR",1,"0600-2300",""
"2026/06/11","TNCM","AIRPORT","","AN","ASR",1,"1200-2359Z UTC-4",""
"2026/06/11","TOL","AIRPORT","OH","US","ASR",1,"24",""
"2026/06/11","TPA","AIRPORT","FL","US","ASR",1,"24",""
"2026/06/11","TRI","AIRPORT","TN","US","ASR",1,"0600-2400",""
"2026/06/11","TUL","AIRPORT","OK","US","ASR",1,"24",""
"2026/06/11","TYS","AIRPORT","TN","US","ASR",1,"24",""
"2026/06/11","UAM","AIRPORT","GU","US","ASR",1,"24",""
"2026/06/11","VAD","AIRPORT","GA","US","ASR",1,"1000-0500Z MON-FRI 1200-2000Z SAT/SUN/FED HOL.  NO-NOTAM MP: 0700-1130Z MON-FRI, 2300-1300Z SAT.",""
"2026/06/11","VAD","AIRPORT","GA","US","PAR",2,"1000-0500Z MON-FRI 1200-2000Z SAT/SUN/FED HOL.  NO-NOTAM MP: 0700-1130Z MON-FRI, 2300-1300Z SAT.",""
"2026/06/11","VPS","AIRPORT","FL","US","ASR",1,"DASR 0900-1200Z++ TUE",""
"2026/06/11","VUJ","AIRPORT","NC","US","ASR",1,"1300-0300Z++ TUES-SAT OR BY NOTAM.",""
"2026/06/11","VUJ","AIRPORT","NC","US","PAR",2,"PAR APCH RSTD TO VFR COND ONLY, RQR 24 HR ADVANCE REQ THRU 235ATCS/ATM C704-422-2551 OR C704-763-4633 AFTER DUTY HR. 1300-0300Z++ TUES-SAT OR BY NOTAM.",""
"2026/06/11","WRB","AIRPORT","GA","US","ASR",1,"RADAR - SEE TERMINAL FLIP FOR RADAR MINIMA.  MON,FRI 1300-2100Z++, TUE 1500-2300Z++, WED,THU 1900-0300Z++.",""
"2026/06/11","WRI","AIRPORT","NJ","US","ASR",1,"24",""
"2026/06/11","WRI","AIRPORT","NJ","US","PAR",2,"PAR  APCH DLY FR 1100-0300Z++ CONTINGENT UPON PAR CONTROLLER.  ",""
"2026/06/11","YKM","AIRPORT","WA","US","ASR",1,"0600-2200",""
"2026/06/11","YNG","AIRPORT","OH","US","ASR",1,"0600-0000",""
