"EFF_DATE","ARRIVAL_NAME","AMENDMENT_NO","ARTCC","STAR_AMEND_EFF_DATE","RNAV_FLAG","STAR_COMPUTER_CODE","SERVED_ARPT"
"2026/05/14","BLAID","TWO","ZLA","2024/01/25","N","AALAN.BLAID2","LAS"
"2026/05/14","AALLE","FOUR","ZDV","2025/06/12","Y","AALLE.AALLE4","DEN"
"2026/05/14","AARCH","TWO","ZKC","2017/08/17","Y","AARCH.AARCH2","STL"
"2026/05/14","AAVON","ONE","ZDV","2025/04/17","Y","AAVON.AAVON1","EGE HDN RIL"
"2026/05/14","ADYMS","THREE","ZSE","2022/01/27","Y","ADYMS.ADYMS3","TCM"
"2026/05/14","AGUDE","SIX","ZMP","2025/11/27","N","AGUDE.AGUDE6","21D ANE CFE FBL FCM GYL LVN MGG MIC OEO RNH SGS STP"
"2026/05/14","DNKIN","TWO","ZHU","2025/11/27","Y","AIRBL.DNKIN2","5C1 BAZ CVB PEZ RND SAT SKF SSF"
"2026/05/14","ALCRN","ONE","ZJX","2023/06/15","Y","ALCRN.ALCRN1","CRG JAX NIP NRB VQQ"
"2026/05/14","ALEXS","ONE","ZAU","2024/01/25","Y","ALEXS.ALEXS1","RFD"
"2026/05/14","FRDMM","SIX","ZDC","2024/05/16","Y","ALWYZ.FRDMM6","ADW DAA DCA"
"2026/05/14","ALYNA","FOUR","ZJX","2024/01/25","Y","ALYNA.ALYNA4","ISM LEE MCO ORL SFB"
"2026/05/14","NUMMY","THREE","ZDC","2019/06/20","N","AML.NUMMY3","ADW DAA DCA"
"2026/05/14","OLAAA","TWO","ZLA","2019/12/05","Y","AMMOR.OLAAA2","LAX"
"2026/05/14","SNSTT","TWO","ZLA","2018/02/01","Y","AMMOR.SNSTT2","LAX"
"2026/05/14","AMOTT","FOUR","ZAN","2018/03/29","Y","AMOTT.AMOTT4","ANC"
"2026/05/14","AMRVR","TWO","ZOA","2018/09/13","Y","AMRVR.AMRVR2","MHR"
"2026/05/14","AMYLU","THREE","ZJX","2020/11/05","Y","AMYLU.AMYLU3","CHS JZI"
"2026/05/14","ANAHO","TWO","ZOA","1996/02/29","N","ANAHO.ANAHO2","RNO"
"2026/05/14","DLAMP","EIGHT","ZID","2024/07/11","Y","ANCHR.DLAMP8","SDF"
"2026/05/14","ANJLL","FOUR","ZLA","2018/07/19","Y","ANJLL.ANJLL4","LAX"
"2026/05/14","BIGBR","THREE","ZLA","2018/05/24","Y","ANJLL.BIGBR3","LAX"
"2026/05/14","DANEI","THREE","ZID","2019/10/10","N","APE.DANEI3","DAY FFO MGY MWO SGH"
"2026/05/14","EMMLN","THREE","ZLA","2026/05/14","N","APLES.EMMLN3","FUL HHR LGB SLI SNA"
"2026/05/14","ARKOE","ONE","ZLA","2012/04/05","N","ARKOE.ARKOE1","RIV"
"2026/05/14","ARLIN","FOUR","ZAB","2017/04/27","N","ARLIN.ARLIN4","CHD DVT FFZ IWA P19 PHX SDL"
"2026/05/14","ARRIE","NINE","ZSE","2024/12/26","N","ARRIE.ARRIE9","TCM"
"2026/05/14","AWDAD","ONE","ZHU","2017/12/07","N","AWDAD.AWDAD1","MSY NEW"
"2026/05/14","DEHAN","THREE","ZTL","2020/07/16","Y","AWSON.DEHAN3","6A2 CCO CTJ CVC D73 FFC FTY HMP LZU MGE PDK PUJ RYY VPC"
"2026/05/14","GIGGY","TWO","ZOB","2019/10/10","Y","AXXIS.GIGGY2","CYQG DET ONZ TTF"
"2026/05/14","OKLND","ONE","ZOB","2018/05/24","Y","AXXIS.OKLND1","ARB OZW PTK VLL YIP"
"2026/05/14","BAGGY","THREE","ZJX","2022/01/27","Y","BAGGY.BAGGY3","CHS JZI"
"2026/05/14","BAINY","FOUR","ZMP","2026/03/19","Y","BAINY.BAINY4","MSP"
"2026/05/14","INOYI","ONE","ZHN","2020/01/30","Y","BAMBO.INOYI1","HNL"
"2026/05/14","BANGZ","TWO","ZMA","2025/04/17","Y","BANGZ.BANGZ2","CLW PIE SPG SRQ VNC"
"2026/05/14","BANKR","SIX","ZTL","2026/05/14","Y","BANKR.BANKR6","CLT"
"2026/05/14","BARET","FIVE","ZLA","2015/01/08","N","BARET.BARET5","NZY SAN"
"2026/05/14","BASET","FIVE","ZLA","2017/12/07","N","BASET.BASET5","LAX"
"2026/05/14","VADDR","ONE","ZNY","2025/11/27","Y","BASYE.VADDR1","LGA"
"2026/05/14","BAUBB","THREE","ZLA","2024/12/26","Y","BAUBB.BAUBB3","LGB"
"2026/05/14","SUNSS","EIGHT","ZAB","2017/04/27","N","BAYBI.SUNSS8","CHD DVT FFZ GEU GYR IWA P19 SDL"
"2026/05/14","BAYST","ONE","ZLA","2018/05/24","Y","BAYST.BAYST1","LAX"
"2026/05/14","BAYYY","FIVE","ZHU","2023/04/20","Y","BAYYY.BAYYY5","HOU"
"2026/05/14","PUCKS","FOUR","ZHU","2021/09/09","Y","BAYYY.PUCKS4","HOU"
"2026/05/14","SOULL","ONE","ZHU","2015/01/08","Y","BAYYY.SOULL1","IAH"
"2026/05/14","BAZBL","ONE","ZHU","2024/10/31","Y","BAZBL.BAZBL1","6R3 CXO DWH IAH T78"
"2026/05/14","BEAHR","THREE","ZAB","2014/04/03","Y","BEAHR.BEAHR3","ELP"
"2026/05/14","BEANO","THREE","ZSU","2010/11/11","Y","BEANO.BEANO3","SJU"
"2026/05/14","BEARR","FIVE","ZLC","2017/10/12","N","BEARR.BEARR5","SLC"
"2026/05/14","SKEES","SIX","ZLC","2025/02/20","Y","BEARR.SKEES6","SLC"
"2026/05/14","BELLR","SIX","ZHU","2024/10/31","Y","BELLR.BELLR6","HOU"
"2026/05/14","TSHRT","TWO","ZHU","2022/11/03","N","BELLR.TSHRT2","54T AXH EFD GLS HOU HPY IWS LBX LVJ SGR T00 T41 TME"
"2026/05/14","BENKY","SIX","ZAU","2020/11/05","Y","BENKY.BENKY6","ORD"
"2026/05/14","BEREE","THREE","ZFW","2024/07/11","Y","BEREE.BEREE3","DFW"
"2026/05/14","WHINY","FOUR","ZFW","2016/05/26","Y","BEREE.WHINY4","DFW"
"2026/05/14","BEWTE","FOUR","ZLC","2022/07/14","Y","BEWTE.BEWTE4","BOI"
"2026/05/14","BGHRN","THREE","ZLC","2018/09/13","Y","BGHRN.BGHRN3","BIL"
"2026/05/14","BGMAN","ONE","ZLC","2024/07/11","Y","BGMAN.BGMAN1","BZN"
"2026/05/14","BHHIA","THREE","ZMA","2022/11/03","Y","BHHIA.BHHIA3","FLL FXE OPF PMP"
"2026/05/14","SUBKY","ONE","ZLC","2024/07/11","Y","BIL.SUBKY1","BZN"
"2026/05/14","DEALE","THREE","ZDC","2018/03/29","Y","BILIT.DEALE3","DCA"
"2026/05/14","BITHO","SEVEN","ZJX","2014/05/29","N","BITHO.BITHO7","COF COI ISM MCO MLB TIX TTS XMR"
"2026/05/14","BLEWE","FIVE","ZHU","2023/02/23","N","BLEWE.BLEWE5","3R9 AUS EDC HYI RYW T74"
"2026/05/14","BLFRG","THREE","ZMA","2025/02/20","Y","BLFRG.BLFRG3","CLW MCF PIE SPG TPA"
"2026/05/14","BLYTHE","FIVE","ZAB","2017/04/27","N","BLH.BLH5","CHD DVT FFZ IWA P19 PHX SDL"
"2026/05/14","BLOCC","TWO","ZTL","2018/05/24","N","BLOCC.BLOCC2","GSO INT"
"2026/05/14","BLOGS","THREE","ZDC","2021/02/25","Y","BLOGS.BLOGS3","RDU"
"2026/05/14","SNDAY","ONE","ZHU","2024/10/31","Y","BLUBL.SNDAY1","54T AXH EFD GLS HOU HPY IWS LBX LVJ SGR T00 T41 TME"
"2026/05/14","BLUEM","FIVE","ZMP","2026/03/19","Y","BLUEM.BLUEM5","MSP"
"2026/05/14","BLUZZ","FIVE","ZME","2024/10/31","Y","BLUZZ.BLUZZ5","MEM"
"2026/05/14","BMBER","ONE","ZOA","2019/12/05","Y","BMBER.BMBER1","CCR SUU"
"2026/05/14","BNFSH","THREE","ZMA","2025/05/15","Y","BNFSH.BNFSH3","07FA HST MIA TMB X51"
"2026/05/14","CAVLR","SIX","ZDC","2024/07/11","Y","BNTLY.CAVLR6","IAD"
"2026/05/14","BOEGY","TWO","ZLA","2022/01/27","Y","BOEGY.BOEGY2","HND"
"2026/05/14","WYLND","ONE","ZLA","2021/02/25","Y","BOEGY.WYLND1","VGT"
"2026/05/14","BOGET","TWO","ZLA","2018/07/19","Y","BOGET.BOGET2","LAX SMO"
"2026/05/14","BOKRT","THREE","ZTL","2020/07/16","Y","BOKRT.BOKRT3","CNI FTY GVL LZU MGE PDK PUJ RYY VPC"
"2026/05/14","BONZZ","TWO","ZOB","2019/10/10","Y","BONZZ.BONZZ2","DTW"
"2026/05/14","KLYNK","THREE","ZOB","2019/10/10","Y","BONZZ.KLYNK3","DTW"
"2026/05/14","BOOKE","EIGHT","ZHN","2014/02/06","N","BOOKE.BOOKE8","HNL"
"2026/05/14","BOOSH","THREE","ZKC","2020/07/16","Y","BOOSH.BOOSH3","STL"
"2026/05/14","BOOVE","SEVEN","ZFW","2024/07/11","Y","BOOVE.BOOVE7","DFW"
"2026/05/14","SHMPP","THREE","ZFW","2024/07/11","Y","BOOVE.SHMPP3","DFW"
"2026/05/14","SOCKK","FOUR","ZFW","2021/04/22","Y","BOOVE.SOCKK4","DFW"
"2026/05/14","ZROBA","ONE","ZFW","2020/03/26","Y","BOOVE.ZROBA1","DFW"
"2026/05/14","BOUNO","FIVE","ZNY","2023/11/30","N","BOUNO.BOUNO5","HPN"
"2026/05/14","BRAYMER","EIGHT","ZKC","2023/04/20","N","BQS.BQS8","FLV GPH IXD LXT MCI MKC OJC STJ"
"2026/05/14","BRADE","SIX","ZDC","2018/05/24","N","BRADE.BRADE6","RDU"
"2026/05/14","BRBBQ","THREE","ZME","2018/02/01","Y","BRBBQ.BRBBQ3","MEM"
"2026/05/14","BRIXX","FOUR","ZOA","2024/03/21","Y","BRIXX.BRIXX4","NUQ SJC"
"2026/05/14","REBAS","ONE","ZOA","2024/07/11","Y","BRIXX.REBAS1","APC DVO HES O69 STS"
"2026/05/14","AANDY","TWO","ZMP","2022/11/03","Y","BRKSR.AANDY2","OFF OMA"
"2026/05/14","BRNKO","FOUR","ZDV","2025/04/17","Y","BRNKO.BRNKO4","APA BJC FNL GXY LMO"
"2026/05/14","GRUUB","ONE","ZAN","2018/11/08","Y","BRODE.GRUUB1","EDF"
"2026/05/14","BRRTO","ONE","ZAB","2021/12/02","Y","BRRTO.BRRTO1","ABQ"
"2026/05/14","BRWNZ","FOUR","ZOB","2021/04/22","Y","BRWNZ.BRWNZ4","1G3 AKR BKL CAK CGF CLE LNN LPR"
"2026/05/14","BIG SUR","THREE","ZOA","2016/09/15","N","BSR.BSR3","SFO"
"2026/05/14","BTSEY","TWO","ZTL","2016/03/31","N","BTSEY.BTSEY2","CLT"
"2026/05/14","ANTHM","FIVE","ZDC","2024/12/26","Y","BUBBI.ANTHM5","BWI MTN"
"2026/05/14","CBUSS","TWO","ZID","2021/12/02","Y","BUGZZ.CBUSS2","CMH LCK OSU TZR"
"2026/05/14","CAPSS","FOUR","ZDC","2026/02/19","Y","BULII.CAPSS4","DCA"
"2026/05/14","BUNTR","THREE","ZAB","2017/01/05","N","BUNTR.BUNTR3","PHX"
"2026/05/14","BUUDD","THREE","ZKC","2018/11/08","Y","BUUDD.BUUDD3","BLV CPS SUS"
"2026/05/14","BUZZY","ONE","ZDC","2021/02/25","N","BUZZY.BUZZY1","RDU"
"2026/05/14","BONNEVILLE","TWO","ZLC","2016/03/31","N","BVL.BVL2","SLC"
"2026/05/14","CAINE","TWO","ZFW","2015/06/25","Y","CAINE.CAINE2","DFW"
"2026/05/14","DAWGZ","TWO","ZFW","2015/06/25","Y","CAINE.DAWGZ2","DFW"
"2026/05/14","CAMET","THREE","ZFW","2017/12/07","Y","CAMET.CAMET3","OKC"
"2026/05/14","DAWKS","ONE","ZFW","2014/07/24","Y","CAMET.DAWKS1","OUN PWA TIK"
"2026/05/14","CAMPS","FOUR","ZHN","2023/10/05","N","CAMPS.CAMPS4","OGG"
"2026/05/14","STELA","ONE","ZBW","2025/11/27","Y","CANAN.STELA1","BAF BDL CEF HFD ORH"
"2026/05/14","RAVNN","NINE","ZDC","2026/05/14","Y","CAPKO.RAVNN9","BWI MTN"
"2026/05/14","CARTR","ONE","ZLC","2025/02/20","Y","CARTR.CARTR1","SLC"
"2026/05/14","NOBBI","ONE","ZNY","2025/11/27","Y","CASSH.NOBBI1","DXR HPN LGA"
"2026/05/14","LIBER","FIVE","ZAN","2023/10/05","Y","CAWIN.LIBER5","FAI"
"2026/05/14","CDOGG","FOUR","ZBW","2021/06/17","Y","CDOGG.CDOGG4","PWM"
"2026/05/14","CEGRM","EIGHT","ZID","2026/01/22","Y","CEGRM.CEGRM8","CVG HAO I69 LUK"
"2026/05/14","CESAN","FOUR","ZHU","2017/06/22","Y","CESAN.CESAN4","54T ARM AXH BYY CXO EFD GLS HOU HPY IWS LBX LVJ SGR T00 T41"
"2026/05/14","CHAKA","FOUR","ZSU","2011/01/13","Y","CHAKA.CHAKA4","SJU"
"2026/05/14","CHINS","FIVE","ZSE","2022/09/08","N","CHINS.CHINS5","BFI PAE RNT SEA"
"2026/05/14","CHOWW","FOUR","ZLA","2025/08/07","Y","CHOWW.CHOWW4","LAS"
"2026/05/14","CHPPR","ONE","ZTL","2017/10/12","Y","CHPPR.CHPPR1","ATL"
"2026/05/14","CHSLY","SEVEN","ZTL","2026/05/14","Y","CHSLY.CHSLY7","CLT"
"2026/05/14","CHSNE","THREE","ZME","2025/10/02","Y","CHSNE.CHSNE3","BNA"
"2026/05/14","CLASH","FIVE","ZDV","2025/06/12","Y","CLASH.CLASH5","DEN"
"2026/05/14","MNSTR","TWO","ZHU","2026/05/14","Y","CLERY.MNSTR2","MSY NBG NEW"
"2026/05/14","CLIPR","THREE","ZDC","2023/08/10","Y","CLIPR.CLIPR3","DCA"
"2026/05/14","CLMNT","TWO","ZMA","2022/05/19","Y","CLMNT.CLMNT2","06FA BCT F45 PBI"
"2026/05/14","CLOWD","ONE","ZLA","2005/05/12","N","CLOWD.CLOWD1","PSP TRM UDD"
"2026/05/14","CLPRR","THREE","ZID","2024/12/26","Y","CLPRR.CLPRR3","CMH LCK OSU TZR"
"2026/05/14","COATT","FIVE","ZDC","2017/12/07","N","COATT.COATT5","IAD"
"2026/05/14","LEDDL","ONE","ZID","2024/07/11","Y","COBBZ.LEDDL1","JVY LOU SDF"
"2026/05/14","COKTL","FOUR","ZLA","2024/10/31","Y","COKTL.COKTL4","LAS"
"2026/05/14","COLTR","FOUR","ZAB","2021/12/02","Y","COLTR.COLTR4","ABQ"
"2026/05/14","COMIX","TWO","ZLA","2018/05/24","Y","COMIX.COMIX2","SAN"
"2026/05/14","CONDR","FOUR","ZME","2024/10/31","Y","CONDR.CONDR4","MEM"
"2026/05/14","COYOT","FIVE","ZAB","2020/07/16","N","COYOT.COYOT5","PHX"
"2026/05/14","CPTAN","THREE","ZMA","2024/01/25","Y","CPTAN.CPTAN3","06FA BCT FXE PBI PMP"
"2026/05/14","CEDAR CREEK","THREE","ZFW","2024/07/11","N","CQY.CQY3","DFW"
"2026/05/14","CRAKN","TWO","ZOB","2019/10/10","Y","CRAKN.CRAKN2","DTW"
"2026/05/14","HTROD","TWO","ZOB","2019/10/10","Y","CRAKN.HTROD2","DTW"
"2026/05/14","CRAZI","FOUR","ZLC","2023/04/20","Y","CRAZI.CRAZI4","BIL"
"2026/05/14","POWDA","TWO","ZLC","2026/01/22","Y","CREKK.POWDA2","BZN"
"2026/05/14","CRESO","FIVE","ZLA","2022/01/27","N","CRESO.CRESO5","LAS"
"2026/05/14","CRVZA","TWO","ZHU","2025/11/27","Y","CRVZA.CRVZA2","5C1 BAZ CVB PEZ RND SAT SKF SSF"
"2026/05/14","CENTERPOINT","THREE","ZHU","2025/08/07","N","CSI.CSI3","RND SAT SKF SSF"
"2026/05/14","CSTAL","THREE","ZMA","2025/06/12","Y","CSTAL.CSTAL3","07FA HST MIA TMB X51"
"2026/05/14","CURLY","THREE","ZAB","2017/03/02","N","CURLY.CURLY3","ABQ AEG"
"2026/05/14","JESEY","FIVE","ZOB","2024/12/26","Y","CUTTA.JESEY5","PIT"
"2026/05/14","CUUDA","THREE","ZMA","2024/01/25","Y","CUUDA.CUUDA3","FLL OPF"
"2026/05/14","CUURT","ONE","ZMA","2023/06/15","Y","CUURT.CUURT1","OPF"
"2026/05/14","DADES","TWO","ZMA","2025/04/17","Y","DADES.DADES2","CLW MCF PIE SPG TPA TPF VDF"
"2026/05/14","DANDD","ONE","ZDV","2020/01/30","N","DANDD.DANDD1","APA BJC BKF CFO DEN FNL GXY"
"2026/05/14","DAWGG","TWO","ZME","2014/05/29","N","DAWGG.DAWGG2","MEM"
"2026/05/14","DEEPO","TWO","ZBW","2025/04/17","Y","DEEPO.DEEPO2","ACK"
"2026/05/14","DEKAL","NINE","ZMA","2024/12/26","N","DEKAL.DEKAL9","FLL FXE HWO OPF PMP"
"2026/05/14","DELMA","FOUR","ZKC","2018/11/08","Y","DELMA.DELMA4","ALN BLV CPS SUS"
"2026/05/14","DELRO","FIVE","ZDC","2019/02/28","N","DELRO.DELRO5","IAD"
"2026/05/14","DINGO","SIX","ZAB","2023/11/30","N","DINGO.DINGO6","TUS"
"2026/05/14","DIRBY","TWO","ZLA","2024/12/26","Y","DIRBY.DIRBY2","LAX"
"2026/05/14","DIRTT","TWO","ZKC","2017/03/02","Y","DIRTT.DIRTT2","SUS"
"2026/05/14","DIXEE","THREE","ZKC","2017/03/02","Y","DIXEE.DIXEE3","BLV CPS"
"2026/05/14","CABBY","TWO","ZFW","2015/06/25","Y","DODJE.CABBY2","DFW"
"2026/05/14","DODJE","SIX","ZFW","2020/05/21","N","DODJE.DODJE6","AFW DTO FTW FWS GKY GPM JWY LNC LUD NFW RBD"
"2026/05/14","FORNY","THREE","ZFW","2021/06/17","Y","DODJE.FORNY3","DFW"
"2026/05/14","REEKO","THREE","ZFW","2016/05/26","Y","DODJE.REEKO3","50F AFW CPT DTO FTW FWS GKY GPM JWY LNC LUD NFW RBD WEA"
"2026/05/14","DOOBI","THREE","ZHU","2025/06/12","Y","DOOBI.DOOBI3","IAH"
"2026/05/14","SKNRD","FIVE","ZHU","2025/06/12","Y","DOOBI.SKNRD5","IAH"
"2026/05/14","DNGLE","ONE","ZOA","2026/03/19","Y","DPUTY.DNGLE1","RNO"
"2026/05/14","PHLBO","FOUR","ZNY","2023/04/20","Y","DQO.PHLBO4","EWR"
"2026/05/14","DSERT","TWO","ZAB","2014/11/13","Y","DSERT.DSERT2","CHD DVT FFZ GEU GYR IWA PHX SDL"
"2026/05/14","DSNEE","SIX","ZLA","2024/09/05","Y","DSNEE.DSNEE6","LGB SNA"
"2026/05/14","HAREI","ONE","ZDV","2025/04/17","Y","DUMBR.HAREI1","ASE RIL"
"2026/05/14","DUNNN","SIX","ZDV","2025/04/17","Y","DUNNN.DUNNN6","APA BJC"
"2026/05/14","DUUUK","FOUR","ZHU","2025/08/07","N","DUUUK.DUUUK4","IAH"
"2026/05/14","DVALL","FOUR","ZMA","2024/09/05","N","DVALL.DVALL4","FLL FXE HST MIA OPF PMP TMB"
"2026/05/14","DXEEE","THREE","ZHU","2022/07/14","Y","DXEEE.DXEEE3","AUS"
"2026/05/14","ALWYS","THREE","ZOA","2024/07/11","Y","DYAMD.ALWYS3","SFO"
"2026/05/14","DYAMD","FIVE","ZOA","2019/01/03","Y","DYAMD.DYAMD5","SFO"
"2026/05/14","SHLAE","ONE","ZHN","2020/01/30","Y","DYLLI.SHLAE1","HNL"
"2026/05/14","EAGUL","SIX","ZAB","2014/09/18","Y","EAGUL.EAGUL6","PHX"
"2026/05/14","EATZZ","ONE","ZLC","2024/07/11","Y","EATZZ.EATZZ1","BZN"
"2026/05/14","EEGOR","ONE","ZNY","2026/05/14","Y","EEGOR.EEGOR1","DXR HPN"
"2026/05/14","VAAIL","ONE","ZDV","2025/04/17","Y","ELDRA.VAAIL1","EGE"
"2026/05/14","ELLAM","FIVE","ZAN","2015/10/15","N","ELLAM.ELLAM5","ANC"
"2026/05/14","ELLENSBURG","FOUR","ZSE","2022/01/27","Y","ELN.ELN4","TCM"
"2026/05/14","EMMAS","ONE","ZAU","2024/01/25","Y","EMMAS.EMMAS1","RFD"
"2026/05/14","EMZOH","FOUR","ZOA","2025/06/12","Y","EMZOH.EMZOH4","HWD OAK"
"2026/05/14","ENCEE","THREE","ZMP","2023/08/10","Y","ENCEE.ENCEE3","ANE FCM LVN MIC STP"
"2026/05/14","ENDEE","EIGHT","ZAU","2025/08/07","Y","ENDEE.ENDEE8","MDW"
"2026/05/14","CENTRALIA","TWO","ZKC","2013/08/22","Y","ENL.ENL2","BLV"
"2026/05/14","ARLFT","TWO","ZDC ZNY","2021/08/12","Y","ENO.ARLFT2","33N DOV ILG"
"2026/05/14","PROUD","TWO","ZNY","2024/01/25","Y","ENO.PROUD2","LGA"
"2026/05/14","ERNNY","EIGHT","ZAU","2023/04/20","Y","ERNNY.ERNNY8","ORD"
"2026/05/14","ESSPO","FIVE","ZAU","2020/11/05","Y","ESSPO.ESSPO5","ORD"
"2026/05/14","PAATS","FOUR","ZNY","2023/04/20","Y","ESSSO.PAATS4","MQS PHL PNE TTN"
"2026/05/14","DMSTR","TWO","ZDC","2024/03/21","Y","ETBUY.DMSTR2","RDU"
"2026/05/14","OOSHN","FIVE","ZBW","2017/10/12","Y","EURRO.OOSHN5","BOS"
"2026/05/14","FALCO","FIVE","ZAN","2012/05/31","N","FALCO.FALCO5","EIL"
"2026/05/14","FARMR","THREE","ZKC","2017/03/02","Y","FARMR.FARMR3","ALN BLV CPS"
"2026/05/14","FASTO","TWO","ZLA","2017/01/05","N","FASTO.FASTO2","BFL"
"2026/05/14","FEVTA","ONE","ZOA","2026/05/14","Y","FEVTA.FEVTA1","SMF"
"2026/05/14","FERNANDO","SEVEN","ZLA","2016/11/10","N","FIM.FERN7","BUR SMO VNY"
"2026/05/14","MOORPARK","FOUR","ZLA","2016/09/15","N","FIM.MOOR4","LAX"
"2026/05/14","CRIKT","ONE","ZFW","2016/03/31","Y","FINGR.CRIKT1","DAL"
"2026/05/14","FINGR","ONE","ZFW","2025/11/27","N","FINGR.FINGR1","ADS DAL DFW F41 F46 HQZ JWY LNC RBD TKI"
"2026/05/14","HIBIL","THREE","ZFW","2016/03/31","Y","FINGR.HIBIL3","DAL"
"2026/05/14","SLANT","THREE","ZFW","2016/03/31","Y","FINGR.SLANT3","ADS F41 F46 HQZ JWY LNC RBD TKI"
"2026/05/14","FISSK","SEVEN","ZAU","2025/06/12","Y","FISSK.FISSK7","MDW"
"2026/05/14","FLATI","FIVE","ZDV","2025/06/12","Y","FLATI.FLATI5","DEN"
"2026/05/14","FLCHR","ONE","ZLA","2021/02/25","Y","FLCHR.FLCHR1","VGT"
"2026/05/14","STOCR","FIVE","ZTL","2026/05/14","Y","FLLGG.STOCR5","CLT"
"2026/05/14","FLOSI","FOUR","ZNY","2019/12/05","Y","FLOSI.FLOSI4","EWR"
"2026/05/14","FNLEE","ONE","ZAU","2024/01/25","Y","FNLEE.FNLEE1","RFD"
"2026/05/14","FNTSY","ONE","ZMA","2024/10/31","Y","FNTSY.FNTSY1","EYW NQX"
"2026/05/14","FOREY","TWO","ZOB","2019/10/10","Y","FOREY.FOREY2","ARB CYQG DET FNT MTC ONZ OZW PTK TTF VLL YIP"
"2026/05/14","FORTL","NINE","ZMA","2021/12/02","N","FORTL.FORTL9","FLL FXE HWO OPF PMP"
"2026/05/14","FOWEE","TWO","ZMA","2021/12/02","N","FOWEE.FOWEE2","07FA HST MIA TMB X51"
"2026/05/14","WILLIAMSPORT","THREE","ZNY","2012/05/31","N","FQM.FQM3","EWR"
"2026/05/14","FRIHO","FOUR","ZAB","2006/04/13","N","FRIHO.FRIHO4","ABQ AEG"
"2026/05/14","FRLON","TWO","ZOA","2016/07/21","Y","FRLON.FRLON2","SJC"
"2026/05/14","FROGZ","FIVE","ZMA","2026/03/19","Y","FROGZ.FROGZ5","07FA HST MIA TMB X51"
"2026/05/14","DEBERRY","FIVE","ZDV","2022/07/14","N","FSHER.DBRY5","COS"
"2026/05/14","KUSTR","THREE","ZLC","2018/09/13","Y","FSYTH.KUSTR3","BIL"
"2026/05/14","FYTTE","SEVEN","ZAU","2021/06/17","Y","FYTTE.FYTTE7","ORD"
"2026/05/14","GABOO","ONE","ZHU","2020/07/16","Y","GABOO.GABOO1","3R9 HYI RYW T74"
"2026/05/14","SEWZY","SIX","ZHU","2021/04/22","Y","GABOO.SEWZY6","AUS"
"2026/05/14","DREEM","THREE","ZBW","2025/11/27","Y","GASSE.DREEM3","BED BVY LWM"
"2026/05/14","GAVNN","EIGHT","ZID","2026/01/22","Y","GAVNN.GAVNN8","CVG HAO I69 LUK"
"2026/05/14","GOPHER","ONE","ZMP","2017/08/17","N","GEP.GEP1","ANE FCM LVN MIC MSP STP"
"2026/05/14","CCASH","ONE","ZFW","2014/07/24","Y","GHOST.CCASH1","OUN PWA TIK"
"2026/05/14","GHOST","THREE","ZFW","2017/12/07","Y","GHOST.GHOST3","OKC"
"2026/05/14","GIBBZ","FIVE","ZDC","2024/03/21","Y","GIBBZ.GIBBZ5","HEF IAD JYO"
"2026/05/14","GIIBS","FOUR","ZID","2024/07/11","Y","GIIBS.GIIBS4","IND"
"2026/05/14","GLASR","THREE","ZSE","2024/01/25","N","GLASR.GLASR3","BFI RNT SEA TCM"
"2026/05/14","GLAVN","TWO","ZTL","2025/11/27","Y","GLAVN.GLAVN2","ATL"
"2026/05/14","HTOWN","THREE","ZHU","2023/10/05","Y","GMANN.HTOWN3","IAH"
"2026/05/14","TEJAS","FIVE","ZHU","2023/10/05","Y","GMANN.TEJAS5","IAH"
"2026/05/14","GNDLF","THREE","ZTL","2025/11/27","Y","GNDLF.GNDLF3","ATL"
"2026/05/14","GOATZ","TWO","ZLA","2024/12/26","Y","GOATZ.GOATZ2","LAX"
"2026/05/14","KARLB","THREE","ZLA","2023/04/20","Y","GOATZ.KARLB3","ONT"
"2026/05/14","GOPAC","THREE","ZAU","2023/06/15","Y","GOPAC.GOPAC3","57C BUU ENW ETB HXF MKE MWC PWK RAC UES UGN"
"2026/05/14","HAYNZ","SEVEN","ZOB","2021/02/25","Y","GRACE.HAYNZ7","PIT"
"2026/05/14","GRAYT","TWO","ZOB","2019/10/10","Y","GRAYT.GRAYT2","DTW"
"2026/05/14","LAYKS","TWO","ZOB","2019/10/10","Y","GRAYT.LAYKS2","DTW"
"2026/05/14","GIBBI","TWO","ZFW","2015/06/25","Y","GREGS.GIBBI2","DFW"
"2026/05/14","GREGS","ONE","ZFW","2022/06/16","N","GREGS.GREGS1","ADS DAL DTO F41 F46 HQZ JWY LNC RBD TKI"
"2026/05/14","HERBZ","TWO","ZFW","2025/05/15","Y","GREGS.HERBZ2","ADS DAL DTO F41 F46 HQZ JWY LNC RBD TKI"
"2026/05/14","JFRYE","FIVE","ZFW","2022/07/14","Y","GREGS.JFRYE5","ADS DAL DTO F41 F46 HQZ JWY LNC RBD TKI"
"2026/05/14","SHAAM","TWO","ZFW","2015/06/25","Y","GREGS.SHAAM2","DFW"
"2026/05/14","GRNCH","FIVE","ZJX","2023/10/05","Y","GRNCH.GRNCH5","MCO"
"2026/05/14","GTOUT","ONE","ZJX","2022/05/19","Y","GTOUT.GTOUT1","MCO"
"2026/05/14","GUERA","TWO","ZLA","2018/07/19","Y","GUERA.GUERA2","CMA NTD OXR"
"2026/05/14","GULLI","THREE","ZFW","2022/05/19","N","GULLI.GULLI3","1K4 CHK GOK HSD OKC OUN PWA RCE RQO SNL TIK"
"2026/05/14","HANBL","THREE","ZOB","2019/12/05","Y","HANBL.HANBL3","DTW"
"2026/05/14","LECTR","THREE","ZOB","2019/10/10","Y","HANBL.LECTR3","DTW"
"2026/05/14","BOJID","FOUR","ZNY","2023/10/05","Y","HAR.BOJID4","PHL"
"2026/05/14","BUNTS","THREE","ZNY","2023/10/05","N","HAR.BUNTS3","ILG MQS PHL PNE TTN"
"2026/05/14","HARRISBURG","FIVE","ZNY","2018/07/19","N","HAR.HAR5","WRI"
"2026/05/14","EELZA","FOUR","ZOA","2024/01/25","Y","HARTT.EELZA4","RNO"
"2026/05/14","HAWKZ","EIGHT","ZSE","2024/09/05","Y","HAWKZ.HAWKZ8","SEA"
"2026/05/14","HAYLL","THREE","ZOB","2019/10/10","Y","HAYLL.HAYLL3","DTW"
"2026/05/14","VCTRZ","TWO","ZOB","2019/10/10","Y","HAYLL.VCTRZ2","DTW"
"2026/05/14","HEDEE","ONE","ZID","2025/08/07","Y","HEDEE.HEDEE1","HAO I69 LUK"
"2026/05/14","HELNS","SIX","ZSE","2018/03/29","N","HELNS.HELNS6","HIO PDX TTD UAO"
"2026/05/14","HENBY","ONE","ZTL","2025/10/02","Y","HENBY.HENBY1","GSO INT"
"2026/05/14","OZZZY","FIVE","ZDV","2021/12/02","Y","HGO.OZZZY5","COS"
"2026/05/14","HHOOD","SIX","ZSE","2026/02/19","Y","HHOOD.HHOOD6","PDX"
"2026/05/14","HILIE","THREE","ZSE","2023/06/15","N","HILIE.HILIE3","GEG SFF SKA"
"2026/05/14","TIMMO","ONE","ZMP","2022/01/27","Y","HILRS.TIMMO1","OFF OMA"
"2026/05/14","BUKHD","THREE","ZTL","2020/07/16","Y","HLNDS.BUKHD3","6A2 CCO CVC D73 FFC FTY HMP LZU MGE PDK PUJ RYY VPC"
"2026/05/14","BRUEN","TWO","ZLA","2017/10/12","Y","HLYWD.BRUEN2","LAX"
"2026/05/14","HLYWD","ONE","ZLA","2017/03/02","Y","HLYWD.HLYWD1","LAX"
"2026/05/14","HOBRK","FOUR","ZME","2024/10/31","Y","HOBRK.HOBRK4","MEM"
"2026/05/14","HOBTT","THREE","ZTL","2025/11/27","Y","HOBTT.HOBTT3","ATL"
"2026/05/14","HOTAR","ONE","ZJX","2013/10/17","Y","HOTAR.HOTAR1","CRG JAX NIP NRB SGJ VQQ"
"2026/05/14","HOWRY","THREE","ZMP","2023/04/20","N","HOWRY.HOWRY3","OFF OMA"
"2026/05/14","HSKNS","ONE","ZAB","2014/04/03","Y","HSKNS.HSKNS1","ELP"
"2026/05/14","HUBRD","ONE","ZLA","2000/10/05","N","HUBRD.HUBRD1","SAN"
"2026/05/14","HUDZY","FIVE","ZHU","2025/06/12","N","HUDZY.HUDZY5","54T 6R3 AXH CXO DWH EFD GLS HOU HPY IAH IWS LBX LVJ SGR T00 T41 T78 TME"
"2026/05/14","HUULL","TWO","ZLA","2018/05/24","Y","HUULL.HUULL2","LAX"
"2026/05/14","HUUTY","ONE","ZAB","2012/05/31","Y","HUUTY.HUUTY1","CHD FFZ IWA"
"2026/05/14","HUUVR","ONE","ZOB","2018/05/24","Y","HUUVR.HUUVR1","1G3 AKR CAK"
"2026/05/14","HYDRR","ONE","ZAB","2014/09/18","Y","HYDRR.HYDRR1","PHX"
"2026/05/14","HYTHR","THREE","ZME","2023/11/30","Y","HYTHR.HYTHR3","MEM"
"2026/05/14","IRNMN","TWO","ZLA","2018/05/24","Y","IRNMN.IRNMN2","HHR LAX"
"2026/05/14","IRONS","SEVEN","ZDC","2016/09/15","N","IRONS.IRONS7","DCA"
"2026/05/14","IVINS","TWO","ZLA","2025/02/20","Y","IVINS.IVINS2","VNY"
"2026/05/14","JAFAR","THREE","ZJX","2022/05/19","Y","JAFAR.JAFAR3","ISM MCO ORL"
"2026/05/14","JAIKE","FOUR","ZNY","2023/04/20","Y","JAIKE.JAIKE4","47N CDW LDJ MMU SMQ TEB"
"2026/05/14","JAKIE","SEVEN","ZID","2026/01/22","Y","JAKIE.JAKIE7","CVG HAO I69 LUK"
"2026/05/14","JAKKS","TWO","ZID","2016/11/10","Y","JAKKS.JAKKS2","IND"
"2026/05/14","JAKTZ","TWO","ZID","2023/02/23","Y","JAKTZ.JAKTZ2","CMH LCK OSU"
"2026/05/14","LIINN","THREE","ZTL","2018/11/08","N","JALIT.LIINN3","AFP AKH CLT DCM EHO EQY IPJ LKR N52 UZA"
"2026/05/14","JAMMN","FIVE","ZLC","2017/08/17","N","JAMMN.JAMMN5","SLC"
"2026/05/14","QWENN","SEVEN","ZLC","2026/05/14","Y","JAMMN.QWENN7","SLC"
"2026/05/14","JANNY","FIVE","ZLA","2018/07/19","Y","JANNY.JANNY5","BUR VNY"
"2026/05/14","JAWBN","SEVEN","ZSE","2024/12/26","N","JAWBN.JAWBN7","BFI SEA TCM"
"2026/05/14","JAYSN","THREE","ZLA","2024/10/31","Y","JAYSN.JAYSN3","LAS"
"2026/05/14","JCKIE","TWO","ZLA","2019/12/05","Y","JCKIE.JCKIE2","ONT"
"2026/05/14","JESSE","THREE","ZAB","2021/12/02","N","JESSE.JESSE3","PHX"
"2026/05/14","JESTR","ONE","ZMA","2022/05/19","Y","JESTR.JESTR1","BCT F45 FXE LNA PBI PMP"
"2026/05/14","JFUND","TWO","ZBW","2017/10/12","Y","JFUND.JFUND2","BOS"
"2026/05/14","JHAUN","ONE","ZKC","2012/11/15","Y","JHAUN.JHAUN1","SUS"
"2026/05/14","JHAWK","EIGHT","ZKC","2024/05/16","N","JHAWK.JHAWK8","FLV GPH IXD LXT MCI MKC OJC STJ"
"2026/05/14","JIIMS","FOUR","ZNY","2023/04/20","Y","JIIMS.JIIMS4","ILG MQS PHL PNE TTN"
"2026/05/14","MBELL","FIVE","ZID","2024/07/11","Y","JIINN.MBELL5","JVY LOU SDF"
"2026/05/14","JINXX","ONE","ZAN","2018/11/08","Y","JINXX.JINXX1","EDF"
"2026/05/14","JJEDI","FOUR","ZTL","2025/11/27","Y","JJEDI.JJEDI4","ATL"
"2026/05/14","FILPZ","FIVE","ZTL","2026/05/14","Y","JJENY.FILPZ5","CLT"
"2026/05/14","OCEAN","THREE","ZLA","2017/03/02","N","JLI.OCEAN3","LAX"
"2026/05/14","JMONY","TWO","ZID","2025/02/20","Y","JMONY.JMONY2","JVY LOU SDF"
"2026/05/14","WIGOL","THREE","ZDC","2024/03/21","Y","JOANZ.WIGOL3","IAD"
"2026/05/14","JOKRS","FOUR","ZJX","2026/03/19","Y","JOKRS.JOKRS4","ISM LEE MCO MLB ORL SFB"
"2026/05/14","JONZE","SIX","ZTL","2026/05/14","Y","JONZE.JONZE6","CLT"
"2026/05/14","JOOLS","TWO","ZTL","2026/05/14","Y","JOOLS.JOOLS2","AFP AKH CLT DCM EHO EQY IPJ JQF LKR N52 RUQ UZA VUJ"
"2026/05/14","JORDN","TWO","ZBW","2006/06/08","Y","JORDN.JORDN2","PVD"
"2026/05/14","JOSHE","THREE","ZSU","2010/11/11","Y","JOSHE.JOSHE3","SJU"
"2026/05/14","JSONN","FOUR","ZKC","2023/08/10","Y","JSONN.JSONN4","MCI"
"2026/05/14","JULLE","FIVE","ZHN","2014/02/06","N","JULLE.JULLE5","HNL"
"2026/05/14","JUNNR","FOUR","ZTL","2024/10/31","Y","JUNNR.JUNNR4","GMU GSP GYH SPA"
"2026/05/14","JANESVILLE","ONE","ZAU","2021/10/07","N","JVL.JVL1","ORD"
"2026/05/14","KABEE","THREE","ZTL","2019/01/03","Y","KABEE.KABEE3","JQF RUQ SVH VUJ"
"2026/05/14","KAENA","FOUR","ZHN","2025/11/27","Y","KAENA.KAENA4","HNL"
"2026/05/14","KASPR","EIGHT","ZMP","2026/03/19","N","KASPR.KASPR8","MSP"
"2026/05/14","KAYAK","SIX","ZHN","2017/12/07","N","KAYAK.KAYAK6","KOA"
"2026/05/14","KAYLA","THREE","ZKC","2017/10/12","Y","KAYLA.KAYLA3","STL"
"2026/05/14","KAYOH","EIGHT","ZLA","2022/03/24","N","KAYOH.KAYOH8","FUL LGB SLI SNA TOA"
"2026/05/14","KIDDZ","FIVE","ZHU","2024/10/31","Y","KIDDZ.KIDDZ5","EFD GLS HOU LBX"
"2026/05/14","KIMMO","THREE","ZLA","2014/07/24","N","KIMMO.KIMMO3","LAX SMO"
"2026/05/14","KKILR","FOUR","ZMP","2026/03/19","Y","KKILR.KKILR4","MSP"
"2026/05/14","KLANI","FOUR","ZHN","2025/02/20","Y","KLANI.KLANI4","HNL"
"2026/05/14","KLUBS","ONE","ZOA","2024/01/25","Y","KLUBS.KLUBS1","RNO"
"2026/05/14","BACHR","FOUR","ZFW","2016/05/26","Y","KNEAD.BACHR4","DAL"
"2026/05/14","DRYYE","TWO","ZFW","2017/06/22","Y","KNEAD.DRYYE2","DAL"
"2026/05/14","PAWLZ","THREE","ZFW","2016/03/31","Y","KNEAD.PAWLZ3","DFW"
"2026/05/14","SWVAY","FOUR","ZFW","2016/05/26","Y","KNEAD.SWVAY4","ADS CPT DAL F41 F46 FWS GKY GPM HQZ JWY LNC RBD TKI"
"2026/05/14","TILLA","THREE","ZFW","2016/03/31","Y","KNEAD.TILLA3","DFW"
"2026/05/14","KOHLS","ONE","ZDC","2026/01/22","Y","KOHLS.KOHLS1","AKQ CPK FAF JGG LFI NGU NTU ORF PHF PVG SFQ"
"2026/05/14","KOLTS","TWO","ZID","2016/11/10","Y","KOLTS.KOLTS2","IND"
"2026/05/14","NTNDO","ONE","ZLA","2021/02/25","Y","KONNG.NTNDO1","HND VGT"
"2026/05/14","KOOOP","ONE","ZKC","2017/10/12","N","KOOOP.KOOOP1","STL"
"2026/05/14","KOURT","FOUR","ZLC","2022/07/14","Y","KOURT.KOURT4","BOI"
"2026/05/14","KRAKN","ONE","ZMA","2024/10/31","Y","KRAKN.KRAKN1","EYW NQX"
"2026/05/14","KRATR","THREE","ZSE","2026/02/19","Y","KRATR.KRATR3","PDX"
"2026/05/14","KROTO","FIVE","ZAN","2024/10/31","Y","KROTO.KROTO5","ANC"
"2026/05/14","KYAAN","FOUR","ZLC","2022/07/14","Y","KYAAN.KYAAN4","BOI"
"2026/05/14","KYAKS","THREE","ZMA","2022/11/03","Y","KYAKS.KYAKS3","FLL FXE HWO OPF PMP"
"2026/05/14","DEVYN","TWO","ZSE","2017/12/07","Y","KYCKR.DEVYN2","PAE"
"2026/05/14","LAIKS","FOUR","ZHU","2024/09/05","Y","LAIKS.LAIKS4","AUS"
"2026/05/14","LANDR","THREE","ZDV","2023/04/20","N","LANDR.LANDR3","APA BJC BKF CFO DEN FNL GXY"
"2026/05/14","LANTK","TWO","ZMP","2022/09/08","N","LANTK.LANTK2","OFF OMA"
"2026/05/14","LARKS","THREE","ZDV","2023/11/30","N","LARKS.LARKS3","APA BJC BKF CFO DEN FNL GXY"
"2026/05/14","LAVAN","THREE","ZAB","2003/09/03","N","LAVAN.LAVAN3","ABQ AEG"
"2026/05/14","LAVAS","ONE","ZHN","2019/06/20","Y","LAVAS.LAVAS1","OGG"
"2026/05/14","LAWGR","FOUR","ZDV","2025/06/12","Y","LAWGR.LAWGR4","DEN"
"2026/05/14","LEESE","THREE","ZJX","2021/04/22","N","LEESE.LEESE3","ISM MCO ORL"
"2026/05/14","LEGOZ","FOUR","ZLA","2025/11/27","Y","LEGOZ.LEGOZ4","CRQ NFG"
"2026/05/14","LEMIG","TWO","ZHU","2025/10/02","N","LEMIG.LEMIG2","RND SAT SKF SSF"
"2026/05/14","LENNI","FOUR","ZAB","2022/07/14","N","LENNI.LENNI4","LUF"
"2026/05/14","BRIGHAM CITY","FIVE","ZLC","2023/06/15","N","LHO.LHO5","SLC"
"2026/05/14","LINKK","ONE","ZHU","2015/04/30","Y","LINKK.LINKK1","IAH"
"2026/05/14","NNCEE","TWO","ZHU","2023/11/30","Y","LINKK.NNCEE2","IAH"
"2026/05/14","HYPER","NINE","ZDC","2024/03/21","Y","LIRCH.HYPER9","CJR EZF FRR HEF HWY IAD JYO MRB NYG OKV RMN"
"2026/05/14","LNDHY","ONE","ZHN","2019/06/20","Y","LNDHY.LNDHY1","OGG"
"2026/05/14","LONGZ","FOUR","ZDV","2025/06/12","Y","LONGZ.LONGZ4","DEN"
"2026/05/14","LORLE","THREE","ZKC","2017/12/07","Y","LORLE.LORLE3","STL"
"2026/05/14","LOSST","ONE","ZLC","2024/07/11","Y","LOSST.LOSST1","BZN"
"2026/05/14","LOWBO","THREE","ZAB","2015/01/08","Y","LOWBO.LOWBO3","ABQ"
"2026/05/14","BDEGA","FOUR","ZOA","2024/07/11","Y","LOZIT.BDEGA4","SFO"
"2026/05/14","STLER","FOUR","ZOA","2024/07/11","Y","LOZIT.STLER4","SFO"
"2026/05/14","LUBBR","FOUR","ZMA","2026/03/19","Y","LUBBR.LUBBR4","FA54 LAL PGD SRQ VNC"
"2026/05/14","LUCIT","THREE","ZAU","2024/10/31","Y","LUCIT.LUCIT3","05C 3HO GYY IGQ"
"2026/05/14","LUCKI","ONE","ZLA","2016/11/10","Y","LUCKI.LUCKI1","SAN"
"2026/05/14","LUNNI","TWO","ZJX","2025/04/17","Y","LUNNI.LUNNI2","JAX"
"2026/05/14","WILKES-BARRE","FIVE","ZNY","2024/07/11","N","LVZ.LVZ5","39N CDW LDJ MMU N51 SMQ TEB"
"2026/05/14","SLATT","SIX","ZNY","2023/08/10","N","LVZ.SLATT6","PHL"
"2026/05/14","SPUDS","SEVEN","ZNY","2023/11/30","Y","LVZ.SPUDS7","PHL"
"2026/05/14","LYNXX","EIGHT","ZLA","2006/08/03","N","LYNXX.LYNXX8","BUR VNY"
"2026/05/14","LZZRD","FOUR","ZAB","2021/12/02","Y","LZZRD.LZZRD4","ABQ"
"2026/05/14","MAATY","FIVE","ZMA","2024/10/31","Y","MAATY.MAATY5","LAL MCF TPA VDF"
"2026/05/14","DEER PARK","THREE","ZBW","2012/11/15","N","MAD.DPK3","BAF BDL CEF"
"2026/05/14","MADEE","SIX","ZVR","2025/11/27","Y","MADEE.MADEE6","BLI CYXX CZBB"
"2026/05/14","MADII","SEVEN","ZAU","2023/04/20","Y","MADII.MADII7","ORD"
"2026/05/14","MAGGI","THREE","ZHN","1999/09/09","N","MAGGI.MAGGI3","HNL"
"2026/05/14","MAHHI","THREE","ZMA","2022/05/19","Y","MAHHI.MAHHI3","BCT PBI"
"2026/05/14","BRUSR","ONE","ZAB","2014/09/18","Y","MAIER.BRUSR1","PHX"
"2026/05/14","MAJIC","FOUR","ZTL","2020/03/26","N","MAJIC.MAJIC4","AFP AKH CLT DCM EHO EQY IPJ LKR N52 UZA"
"2026/05/14","MAKAH","ONE","ZHN","2020/01/30","Y","MAKAH.MAKAH1","HNL"
"2026/05/14","MARCS","TWO","ZHU","2025/08/07","N","MARCS.MARCS2","RND SAT SKF SSF"
"2026/05/14","QERVO","THREE","ZHU","2025/11/27","Y","MARCS.QERVO3","5C1 BAZ CVB PEZ RND SAT SKF SSF"
"2026/05/14","MARNR","EIGHT","ZSE","2024/12/26","Y","MARNR.MARNR8","SEA"
"2026/05/14","MARQO","THREE","ZJX","2025/04/17","Y","MARQO.MARQO3","CRG FHB JAX NRB"
"2026/05/14","MARWI","FOUR","ZMP","2022/12/29","N","MARWI.MARWI4","OFF OMA"
"2026/05/14","MAZIE","THREE","ZNY","2020/11/05","Y","MAZIE.MAZIE3","47N CDW LDJ MMU N07 SMQ TEB"
"2026/05/14","ALDAN","FOUR","ZDC","2024/01/25","Y","MCDON.ALDAN4","RDU"
"2026/05/14","MCHLN","TWO","ZTL","2019/04/25","Y","MCHLN.MCHLN2","GMU GSP GYH SPA"
"2026/05/14","MDNYT","TWO","ZLA","2017/10/12","Y","MDNYT.MDNYT2","LAX"
"2026/05/14","DUBLN","ONE","ZID","2021/08/12","Y","MELZZ.DUBLN1","CMH LCK OSU TZR"
"2026/05/14","MIERA","TWO","ZAB","2003/09/04","N","MIERA.MIERA2","ABQ AEG"
"2026/05/14","MIIDY","FOUR","ZDC","2026/05/14","Y","MIIDY.MIIDY4","BWI MTN"
"2026/05/14","MINEE","SIX","ZJX","2025/02/20","N","MINEE.MINEE6","COI ISM LEE MCO ORL SFB TIX"
"2026/05/14","MILTON","FOUR","ZNY","2011/10/20","N","MIP.MIP4","LGA"
"2026/05/14","MELBOURNE","TWO","ZMA","2021/12/02","N","MLB.MLB2","06FA BCT LNA PBI"
"2026/05/14","MMARY","ONE","ZDV","2025/04/17","Y","MMARY.MMARY1","ASE RIL"
"2026/05/14","MNNDO","FOUR","ZFW","2016/05/26","Y","MNNDO.MNNDO4","DAL"
"2026/05/14","MODESTO","NINE","ZOA","2019/08/15","N","MOD.MOD9","SFO"
"2026/05/14","MOLLY","FIVE","ZAB","2020/11/05","Y","MOLLY.MOLLY5","ELP"
"2026/05/14","MONAA","FOUR","ZME","2023/11/30","Y","MONAA.MONAA4","MEM"
"2026/05/14","MOTZA","ONE","ZFW","2021/06/17","N","MOTZA.MOTZA1","50F AFW CPT FTW FWS GKY GPM LUD NFW WEA"
"2026/05/14","WESAT","THREE","ZFW","2025/10/30","Y","MOTZA.WESAT3","50F AFW CPT FTW FWS GKY GPM JWY LNC LUD NFW RBD WEA"
"2026/05/14","DRLLR","FIVE","ZHU","2016/05/26","Y","MPORT.DRLLR5","IAH"
"2026/05/14","GUSHR","THREE","ZHU","2015/01/08","Y","MPORT.GUSHR3","IAH"
"2026/05/14","WESTMINSTER","SEVEN","ZDC","2019/12/05","N","MRB.EMI7","BWI MTN"
"2026/05/14","MUNGI","ONE","ZJX","2026/03/19","Y","MUNGI.MUNGI1","ISM LEE MCO ORL SFB"
"2026/05/14","JUDDG","TWO","ZFW","2016/11/10","Y","MURAH.JUDDG2","OUN PWA TIK"
"2026/05/14","MURAH","THREE","ZFW","2017/12/07","Y","MURAH.MURAH3","OKC"
"2026/05/14","MUSCL","FOUR","ZMP","2026/03/19","Y","MUSCL.MUSCL4","MSP"
"2026/05/14","RYANN","TWO","ZOA","2022/11/03","N","MVA.RYANN2","RNO"
"2026/05/14","WADOL","FOUR","ZOA","2024/01/25","Y","MYBAD.WADOL4","RNO"
"2026/05/14","NELIE","FOUR","ZNY","2025/08/07","Y","NELIE.NELIE4","FOK ISP"
"2026/05/14","DEMME","FIVE","ZOB","2023/06/15","Y","NESTO.DEMME5","PIT"
"2026/05/14","NIIXX","FOUR","ZDV","2025/06/12","Y","NIIXX.NIIXX4","DEN"
"2026/05/14","NITZR","FOUR","ZMP","2026/03/19","Y","NITZR.NITZR4","MSP"
"2026/05/14","NUTIY","ONE","ZDC","2025/10/02","Y","NUTIY.NUTIY1","ORF"
"2026/05/14","VNYRD","ONE","ZOA","2024/07/11","Y","OAK.VNYRD1","APC DVO HES O69 STS"
"2026/05/14","OAKES","THREE","ZOA","2025/06/12","Y","OAKES.OAKES3","HWD OAK"
"2026/05/14","OCITY","THREE","ZSE","2020/01/30","N","OCITY.OCITY3","HIO PDX TTD"
"2026/05/14","OHDEA","TWO","ZJX","2025/04/17","Y","OHDEA.OHDEA2","JAX"
"2026/05/14","OHIIO","FOUR","ZHU","2017/06/22","N","OHIIO.OHIIO4","54T 6R3 AXH CXO DWH EFD GLS HOU HPY IAH IWS LBX LVJ SGR T00 T41 T78 TME"
"2026/05/14","OLAHS","THREE","ZMA","2022/11/03","Y","OLAHS.OLAHS3","FLL FXE OPF PMP"
"2026/05/14","OLEDD","FOUR","ZHU","2016/11/10","N","OLEDD.OLEDD4","MSY NEW"
"2026/05/14","OLYMPIA","TWO","ZSE","2016/11/10","N","OLM.OLM2","BFI PAE RNT SEA"
"2026/05/14","ONDRE","ONE","ZTL","2017/10/12","Y","ONDRE.ONDRE1","ATL"
"2026/05/14","OPACA","FOUR","ZHN","1994/01/06","N","OPACA.OPACA4","HNL"
"2026/05/14","POGIE","TWO","ZJX","2020/01/30","N","ORL.POGIE2","CRG JAX NIP NRB VQQ"
"2026/05/14","ORRCA","ONE","ZOA","2022/11/03","Y","ORRCA.ORRCA1","RNO"
"2026/05/14","WOONS","TWO","ZBW","2016/07/21","N","ORW.WOONS2","1B9 BOS GHG OWD"
"2026/05/14","OSVEE","TWO","ZOA","2022/05/19","Y","OSVEE.OSVEE2","SUU"
"2026/05/14","OUTLA","ONE","ZDC","2026/01/22","Y","OUTLA.OUTLA1","CPK LFI NGU NTU ORF PHF PVG SFQ"
"2026/05/14","OZZZI","TWO","ZTL","2025/10/30","Y","OZZZI.OZZZI2","ATL"
"2026/05/14","PALMZ","TWO","ZMA","2021/12/02","Y","PALMZ.PALMZ2","07FA HST MIA OPF TMB X51"
"2026/05/14","PANGG","SEVEN","ZAU","2025/10/02","Y","PANGG.PANGG7","05C 3HO GYY IGQ MDW"
"2026/05/14","PARCH","FOUR","ZNY","2025/04/17","Y","PARCH.PARCH4","FRG JFK"
"2026/05/14","LYCHI","ONE","ZHN","2021/02/25","Y","PARIS.LYCHI1","ITO"
"2026/05/14","PASLY","FIVE","ZME","2025/10/02","Y","PASLY.PASLY5","BNA"
"2026/05/14","DENNA","ONE","ZNY","2025/11/27","Y","PAWLN.DENNA1","BDR HVN OXC"
"2026/05/14","LOVES","ONE","ZNY","2025/10/02","Y","PAWLN.LOVES1","ISP"
"2026/05/14","PAWLN","ONE","ZNY","2025/10/02","Y","PAWLN.PAWLN1","FRG JFK"
"2026/05/14","OHSEA","THREE","ZLA","2024/12/26","Y","PCIFC.OHSEA3","SNA"
"2026/05/14","PCIFC","THREE","ZLA","2024/12/26","Y","PCIFC.PCIFC3","LGB"
"2026/05/14","PEBLL","TWO","ZOA","2022/05/19","Y","PEBLL.PEBLL2","SUU"
"2026/05/14","ISHEE","TWO","ZLA","2022/01/27","N","PEHTY.ISHEE2","LAS"
"2026/05/14","RKSTR","FOUR","ZLA","2024/10/31","Y","PEHTY.RKSTR4","LAS"
"2026/05/14","SADYL","FOUR","ZLC","2020/09/10","Y","PELYT.SADYL4","BOI"
"2026/05/14","PENNS","TWO","ZNY","2004/08/05","N","PENNS.PENNS2","EWR"
"2026/05/14","PETTE","TWO","ZOB","2019/10/10","Y","PETTE.PETTE2","ARB CYQG DET MTC ONZ OZW PTK TTF VLL YIP"
"2026/05/14","PIKKR","SEVEN","ZMA","2021/12/02","Y","PIKKR.PIKKR7","APF FA54 MKY PGD"
"2026/05/14","PINNG","ONE","ZAB","2014/09/18","Y","PINNG.PINNG1","PHX"
"2026/05/14","PINNR","THREE","ZDV","2020/12/31","Y","PINNR.PINNR3","APA BJC CFO FNL GXY LMO"
"2026/05/14","PIRAT","THREE","ZOA","2024/07/11","Y","PIRAT.PIRAT3","OAK SFO"
"2026/05/14","PITBL","TWO","ZLA","2025/08/07","Y","PITBL.PITBL2","SBA"
"2026/05/14","PITTT","TWO","ZLC","2026/02/19","Y","PITTT.PITTT2","SLC"
"2026/05/14","PLYYA","TWO","ZLA","2024/10/31","Y","PLYYA.PLYYA2","SAN"
"2026/05/14","MARCH","FOUR","ZLA","1993/11/11","N","PMD.MARCH4","RIV"
"2026/05/14","NASCR","ONE","ZTL","2025/02/20","Y","PONTI.NASCR1","JQF RUQ VUJ"
"2026/05/14","POPPO","TWO","ZHU","2025/11/27","Y","POPPO.POPPO2","5C1 BAZ CVB PEZ RND SAT SKF SSF"
"2026/05/14","POWDR","ONE","ZDV","2020/01/30","N","POWDR.POWDR1","APA BJC BKF CFO DEN FNL GXY"
"2026/05/14","POWTN","FIVE","ZDC","2020/09/10","Y","POWTN.POWTN5","RIC"
"2026/05/14","PRICY","FIVE","ZJX","2026/03/19","Y","PRICY.PRICY5","ISM LEE MCO MLB ORL SFB"
"2026/05/14","PRIVO","THREE","ZDC","2023/10/05","N","PRIVO.PRIVO3","HEF IAD JYO MRB NYG"
"2026/05/14","WAYNZ","ONE","ZDC","2024/03/21","Y","PRIVO.WAYNZ1","IAD"
"2026/05/14","LOYYD","ONE","ZDV","2025/04/17","Y","PRTTY.LOYYD1","ASE"
"2026/05/14","PRTZL","ONE","ZDC","2024/03/21","Y","PRTZL.PRTZL1","IAD"
"2026/05/14","PTERS","THREE","ZAN","2018/02/01","Y","PTERS.PTERS3","ANC"
"2026/05/14","PUCKY","ONE","ZNY","2025/10/02","Y","PUCKY.PUCKY1","FRG JFK"
"2026/05/14","PUMLE","ONE","ZLA","2021/02/25","N","PUMLE.PUMLE1","HND LAS"
"2026/05/14","PUMPP","TWO","ZMA","2025/06/12","N","PUMPP.PUMPP2","FMY RSW"
"2026/05/14","PANOCHE","SIX","ZOA","2019/08/15","N","PXN.PXN6","HWD OAK"
"2026/05/14","BRINY","TWO","ZOA","2016/09/15","N","PYE.BRINY2","SJC"
"2026/05/14","POINT REYES","THREE","ZOA","2017/06/22","N","PYE.PYE3","NUQ PAO RHV SFO SJC SQL"
"2026/05/14","STINS","FOUR","ZOA","2021/06/17","N","PYE.STINS4","SFO"
"2026/05/14","QUAIL","ONE","ZDV","2020/01/30","N","QUAIL.QUAIL1","APA BJC BKF CFO DEN FNL GXY"
"2026/05/14","QUBEN","TWO","ZJX","2025/04/17","Y","QUBEN.QUBEN2","CRG FHB HEG JAX NIP NRB VQQ"
"2026/05/14","QUOTE","ONE","ZAU","2024/01/25","Y","QUOTE.QUOTE1","RFD"
"2026/05/14","GAMES","TWO","ZLA","2022/03/24","Y","QWIST.GAMES2","HND LAS"
"2026/05/14","RACYR","SIX","ZID","2022/05/19","N","RACYR.RACYR6","EYE HFY IND MQJ TYQ UMP"
"2026/05/14","SMUKE","THREE","ZID","2024/07/11","Y","RACYR.SMUKE3","IND"
"2026/05/14","RAMMS","EIGHT","ZDV","2020/01/30","N","RAMMS.RAMMS8","APA BJC BKF CFO DEN FNL GXY"
"2026/05/14","RASLN","THREE","ZTL","2017/08/17","N","RASLN.RASLN3","AFP AKH CLT DCM EHO EQY IPJ LKR N52 UZA"
"2026/05/14","RAYZZ","THREE","ZMA","2025/04/17","Y","RAYZZ.RAYZZ3","CLW LAL MCF PIE SPG SRQ TPA TPF VDF VNC"
"2026/05/14","RCTOR","THREE","ZTL","2025/04/17","Y","RCTOR.RCTOR3","GMU GSP GYH SPA"
"2026/05/14","RDBUL","ONE","ZLA","2025/06/12","Y","RDBUL.RDBUL1","PSP TRM UDD"
"2026/05/14","HRDNG","FOUR","ZAN","2023/10/05","Y","RDFLG.HRDNG4","FAI"
"2026/05/14","REDDN","FOUR","ZFW","2016/05/26","Y","REDDN.REDDN4","DAL"
"2026/05/14","FAKEY","ONE","ZFW","2014/07/24","Y","RIFFL.FAKEY1","OUN PWA TIK"
"2026/05/14","RIFFL","THREE","ZFW","2017/12/07","Y","RIFFL.RIFFL3","OKC"
"2026/05/14","RIICE","ONE","ZHU","2024/10/31","N","RIICE.RIICE1","6R3 CXO DWH IAH T78"
"2026/05/14","RISTI","ONE","ZOA","2017/06/22","Y","RISTI.RISTI1","SFO SJC"
"2026/05/14","KKISS","TWO","ZOB","2019/10/10","Y","RKCTY.KKISS2","DTW"
"2026/05/14","RKCTY","TWO","ZOB","2019/10/10","Y","RKCTY.RKCTY2","DTW"
"2026/05/14","LARKK","ONE","ZLA","2021/02/25","N","RNDRZ.LARKK1","LAS"
"2026/05/14","RNDRZ","FOUR","ZLA","2025/08/07","Y","RNDRZ.RNDRZ4","LAS"
"2026/05/14","ROBIE","FIVE","ZOA","2019/08/15","N","ROBIE.ROBIE5","SJC"
"2026/05/14","ROBUC","THREE","ZBW","2017/10/12","Y","ROBUC.ROBUC3","BOS"
"2026/05/14","BONJO","THREE","ZLA","2025/02/20","Y","ROKKR.BONJO3","SMO"
"2026/05/14","ROKKR","THREE","ZLA","2025/02/20","Y","ROKKR.ROKKR3","BUR"
"2026/05/14","ROKNN","FOUR","ZOB","2025/08/07","Y","ROKNN.ROKNN4","BKL CGF CLE LNN LPR"
"2026/05/14","ROLLN","TWO","ZOB","2019/10/10","Y","ROLLN.ROLLN2","BKL CGF CLE LNN LPR"
"2026/05/14","ROOBY","THREE","ZLA","2018/02/01","Y","ROOBY.ROOBY3","LGB SNA"
"2026/05/14","ROZZE","TWO","ZBW","2017/08/17","Y","ROZZE.ROZZE2","MHT"
"2026/05/14","RRALF","THREE","ZOB","2020/05/21","Y","RRALF.RRALF3","ARB CYQG DET MTC ONZ OZW PTK TTF VLL YIP"
"2026/05/14","RUDDH","THREE","ZKC","2023/08/10","Y","RUDDH.RUDDH3","MCI"
"2026/05/14","RUKKI","ONE","ZLA","2024/12/26","Y","RUKKI.RUKKI1","SNA"
"2026/05/14","APPLE","THREE","ZNY","2024/01/25","Y","RUUTH.APPLE3","LGA"
"2026/05/14","BRAND","ONE","ZNY","2020/11/05","Y","RUUTH.BRAND1","EWR"
"2026/05/14","RYDRR","TWO","ZLA","2018/05/24","Y","RYDRR.RYDRR2","HHR LAX"
"2026/05/14","MLLET","FOUR","ZTL","2026/05/14","Y","RYFLE.MLLET4","CLT"
"2026/05/14","RYYMN","THREE","ZME","2025/10/02","Y","RYYMN.RYYMN3","BNA"
"2026/05/14","SAALR","TWO","ZSU","2010/09/23","Y","SAALR.SAALR2","SJU"
"2026/05/14","SADDE","EIGHT","ZLA","2017/12/07","N","SADDE.SADDE8","LAX"
"2026/05/14","TANDY","SIX","ZLA","2026/02/19","N","SADDE.TANDY6","LGB SLI SNA TOA"
"2026/05/14","SAKKI","FIVE","ZHN","2011/08/25","N","SAKKI.SAKKI5","HNL"
"2026/05/14","SAMMR","THREE","ZAB","2014/04/03","Y","SAMMR.SAMMR3","ELP"
"2026/05/14","SARDI","ONE","ZBW ZNY","2025/10/02","Y","SARDI.SARDI1","BDR FOK FRG GON HVN HWV ISP JPX MTP OXC SNC WST"
"2026/05/14","SARGO","FIVE","ZID","2026/01/22","Y","SARGO.SARGO5","CVG HAO I69 LUK"
"2026/05/14","SASIE","EIGHT","ZFW","2025/11/27","N","SASIE.SASIE8","50F ADS AFW CPT DTO FTW FWS GKY GPM LUD NFW WEA"
"2026/05/14","TRUUK","THREE","ZFW","2025/10/02","Y","SASIE.TRUUK3","50F AFW CPT DTO FTW FWS GKY GPM LUD NFW WEA"
"2026/05/14","SBONO","ONE","ZLA","2005/05/12","N","SBONO.SBONO1","PSP TRM UDD"
"2026/05/14","SCBBY","TWO","ZLA","2018/02/01","Y","SCBBY.SCBBY2","ONT"
"2026/05/14","SCOGS","THREE","ZBW","2015/12/10","Y","SCOGS.SCOGS3","PWM"
"2026/05/14","SCOLA","ONE","ZOA","2022/11/03","Y","SCOLA.SCOLA1","RNO"
"2026/05/14","SCRLT","TWO","ZID","2024/12/26","Y","SCRLT.SCRLT2","CMH LCK OSU TZR"
"2026/05/14","SEATO","FOUR","ZOA","2013/12/12","N","SEATO.SEATO4","SUU"
"2026/05/14","SEAVU","TWO","ZLA","2008/09/25","N","SEAVU.SEAVU2","LAX"
"2026/05/14","BRDJE","FIVE","ZFW","2024/07/11","Y","SEEVR.BRDJE5","DFW"
"2026/05/14","SEEVR","FOUR","ZFW","2017/01/05","Y","SEEVR.SEEVR4","DFW"
"2026/05/14","SELINSGROVE","SIX","ZDC","2019/02/28","N","SEG.SEG6","IAD"
"2026/05/14","SERFR","FOUR","ZOA","2019/12/05","Y","SERFR.SERFR4","SFO"
"2026/05/14","WWAVS","TWO","ZOA","2024/07/11","Y","SERFR.WWAVS2","SFO"
"2026/05/14","SETER","FIVE","ZLA","2017/08/17","N","SETER.SETER5","AJO CNO EMT ONT POC RAL SBD"
"2026/05/14","SHAFF","SEVEN","ZNY","2012/05/31","N","SHAFF.SHAFF7","EWR"
"2026/05/14","SHAIN","TWO","ZAU","2020/11/05","Y","SHAIN.SHAIN2","ORD"
"2026/05/14","SHAMU","ONE","ZLA","1995/05/25","N","SHAMU.SHAMU1","SAN"
"2026/05/14","SHFTY","SIX","ZMA","2024/10/31","Y","SHFTY.SHFTY6","APF FMY MKY RSW"
"2026/05/14","SKILS","FIVE","ZDC","2023/08/10","Y","SHILO.SKILS5","DCA"
"2026/05/14","SHREK","TWO","ZJX","2021/12/02","Y","SHREK.SHREK2","ISM MCO ORL SFB"
"2026/05/14","CAMRN","FIVE","ZNY","2025/06/12","N","SIE.CAMRN5","JFK"
"2026/05/14","SILCN","SIX","ZOA","2022/07/14","Y","SILCN.SILCN6","SJC"
"2026/05/14","SITTH","THREE","ZTL","2025/11/27","Y","SITTH.SITTH3","ATL"
"2026/05/14","SIZLR","FOUR","ZLA","2025/06/12","Y","SIZLR.SIZLR4","PSP TRM UDD"
"2026/05/14","SKYKO","ONE","ZSE","2022/05/19","N","SKYKO.SKYKO1","BFI RNT SEA"
"2026/05/14","SLMMR","FIVE","ZOA","2022/07/14","Y","SLMMR.SLMMR5","SMF"
"2026/05/14","SLOAO","ONE","ZJX","2025/06/12","Y","SLOAO.SLOAO1","COI ISM LEE MCO ORL SFB TIX X04"
"2026/05/14","LIKES","FOUR","ZFW","2025/10/02","Y","SLUGG.LIKES4","50F AFW DTO FTW LUD NFW WEA"
"2026/05/14","SLVER","ONE","ZKC","2012/11/15","Y","SLVER.SLVER1","SUS"
"2026/05/14","NEELL","SEVEN","ZAN","2024/10/31","Y","SNAAG.NEELL7","ANC"
"2026/05/14","SNDBR","THREE","ZMA","2022/12/29","Y","SNDBR.SNDBR3","07FA HST MIA TMB X51"
"2026/05/14","SNDIA","FOUR","ZAB","2020/12/31","Y","SNDIA.SNDIA4","ABQ"
"2026/05/14","SNFLD","THREE","ZJX","2023/02/23","Y","SNFLD.SNFLD3","ISM MCO"
"2026/05/14","CLANG","ONE","ZID","2026/05/14","Y","SNKPT.CLANG1","EYE GEZ HFY MQJ TYQ UMP"
"2026/05/14","SNKPT","TWO","ZID","2016/11/10","Y","SNKPT.SNKPT2","IND"
"2026/05/14","JAZZZ","ONE","ZLC","2025/02/20","Y","SPANE.JAZZZ1","SLC"
"2026/05/14","SPANE","EIGHT","ZLC","2024/05/16","N","SPANE.SPANE8","SLC"
"2026/05/14","SPIDR","FIVE","ZDC","2024/12/26","Y","SPIDR.SPIDR5","RIC"
"2026/05/14","SPISY","TWO","ZDC","2015/12/10","Y","SPISY.SPISY2","ADW"
"2026/05/14","SPUUD","FOUR","ZLC","2022/07/14","Y","SPUUD.SPUUD4","BOI"
"2026/05/14","ZEILR","SIX","ZMA","2024/09/05","N","SRQ.ZEILR6","APF MKY"
"2026/05/14","SSKII","FOUR","ZDV","2025/06/12","Y","SSKII.SSKII4","DEN"
"2026/05/14","STOOP","THREE","ZMA","2022/05/19","N","STOOP.STOOP3","06FA BCT PBI"
"2026/05/14","RAZRR","FIVE","ZOA","2022/07/14","Y","STUBL.RAZRR5","SJC"
"2026/05/14","STUGE","THREE","ZTL","2004/02/19","N","STUGE.STUGE3","AGS"
"2026/05/14","STONEWALL","TWO","ZHU","2024/09/05","N","STV.STV2","RND SAT SKF SSF"
"2026/05/14","STWRT","THREE","ZTL","2019/01/03","N","STWRT.STWRT3","AGS"
"2026/05/14","SUTHU","TWO","ZOA","2022/05/19","Y","SUTHU.SUTHU2","SUU"
"2026/05/14","MSCOT","FOUR","ZHU","2015/04/30","Y","SUUNR.MSCOT4","IAH"
"2026/05/14","TTORO","THREE","ZHU","2015/04/30","Y","SUUNR.TTORO3","IAH"
"2026/05/14","SUUTR","FOUR","ZOA","2022/07/14","Y","SUUTR.SUUTR4","SMF"
"2026/05/14","PARQR","FIVE","ZTL","2026/05/14","Y","SUZNN.PARQR5","CLT"
"2026/05/14","SWFFT","THREE","ZME","2025/10/02","Y","SWFFT.SWFFT3","BNA"
"2026/05/14","SWOPE","ONE","ZDC","2025/10/02","Y","SWOPE.SWOPE1","ORF"
"2026/05/14","PALISADES","ONE","ZOA","2023/08/10","N","SWR.SWR1","SUU"
"2026/05/14","SWTEE","TWO","ZTL","2020/03/21","Y","SWTEE.SWTEE2","CVC D73 FTY LZU MGE PDK PUJ RYY VPC"
"2026/05/14","LEENA","EIGHT","ZLA","2023/08/10","N","SXC.LEENA8","LAX"
"2026/05/14","SYMIN","ONE","ZHN","2020/01/30","Y","SYMIN.SYMIN1","HNL"
"2026/05/14","SZAGI","THREE","ZHU","2025/10/02","Y","SZAGI.SZAGI3","3R9 AUS EDC GTU HYI RYW T74"
"2026/05/14","TAGER","NINE","ZAN","2022/12/29","N","TAGER.TAGER9","ANC"
"2026/05/14","TAQLE","THREE","ZDC","2026/01/22","Y","TAQLE.TAQLE3","RDU"
"2026/05/14","TARPN","THREE","ZMA","2022/05/19","Y","TARPN.TARPN3","07FA FLL HST HWO MIA OPF TMB X51"
"2026/05/14","TARVR","TWO","ZOA","2026/03/19","Y","TARVR.TARVR2","RNO"
"2026/05/14","TAYTR","FOUR","ZLC","2026/05/14","Y","TAYTR.TAYTR4","PVU"
"2026/05/14","TBARR","FOUR","ZDV","2025/06/12","Y","TBARR.TBARR4","DEN"
"2026/05/14","TEBOW","TWO","ZJX","2025/04/17","Y","TEBOW.TEBOW2","CRG FHB JAX NRB"
"2026/05/14","TEEKY","FOUR","ZMA","2026/03/19","Y","TEEKY.TEEKY4","FLL FXE PMP"
"2026/05/14","DUCXS","FIVE","ZDC","2020/09/10","Y","THINA.DUCXS5","RIC"
"2026/05/14","THRNE","FOUR","ZLA","2025/02/20","Y","THRNE.THRNE4","BUR VNY"
"2026/05/14","TIGRR","FOUR","ZID","2024/03/21","Y","TIGRR.TIGRR4","CVG"
"2026/05/14","TIKEE","FOUR","ZDC","2023/04/20","Y","TIKEE.TIKEE4","2W5 ADW CJR DAA DCA EZF HEF HWY NYG RMN VKX W00"
"2026/05/14","TKNIQ","THREE","ZHU","2021/10/07","Y","TKNIQ.TKNIQ3","54T AXH EFD GLS HOU HPY IWS LBX LVJ SGR T00 T41 TME"
"2026/05/14","TMBRS","FOUR","ZSE","2026/02/19","Y","TMBRS.TMBRS4","PDX"
"2026/05/14","TOMSN","NINE","ZDV","2024/05/16","N","TOMSN.TOMSN9","APA BJC BKF CFO DEN FNL GXY"
"2026/05/14","CHASR","TWO","ZLA","2017/12/07","Y","TOPGN.CHASR2","NZY SDM"
"2026/05/14","TOPGN","TWO","ZLA","2018/05/24","Y","TOPGN.TOPGN2","SAN"
"2026/05/14","TOREZ","ONE","ZMA","2023/06/15","Y","TOREZ.TOREZ1","FLL FXE HWO OPF PMP"
"2026/05/14","TORGY","FOUR","ZMP","2026/03/19","Y","TORGY.TORGY4","MSP"
"2026/05/14","CUUGR","TWO","ZOB","2019/10/10","Y","TPGUN.CUUGR2","DTW"
"2026/05/14","TPGUN","TWO","ZOB","2019/10/10","Y","TPGUN.TPGUN2","DTW"
"2026/05/14","TRAKS","FOUR","ZTL","2024/10/31","Y","TRAKS.TRAKS4","GSO INT"
"2026/05/14","TRESA","ONE","ZNY","2025/11/27","Y","TRESA.TRESA1","POU SWF"
"2026/05/14","TRISH","FOUR","ZDC","2024/09/05","Y","TRISH.TRISH4","BWI MTN"
"2026/05/14","TROCO","THREE","ZSU","2010/11/18","Y","TROCO.TROCO3","SJU"
"2026/05/14","TRSSH","TWO","ZHU","2026/05/14","Y","TRSSH.TRSSH2","MSY NBG NEW"
"2026/05/14","TRSTN","FOUR","ZDC","2025/02/20","Y","TRSTN.TRSTN4","2W2 CJR DMW FDK FRR GAI HEF HGR HWY JYO MRB OKV W50"
"2026/05/14","TRTLL","SIX","ZAU","2020/11/05","Y","TRTLL.TRTLL6","ORD"
"2026/05/14","OSPRI","SEVEN","ZJX","2020/11/05","Y","TRTLS.OSPRI7","CHS JZI"
"2026/05/14","TRUPS","FIVE","ZDC","2024/04/18","Y","TRUPS.TRUPS5","ADW DAA DCA"
"2026/05/14","TRYBE","FOUR","ZOB","2020/03/26","Y","TRYBE.TRYBE4","BKL CGF CLE LNN"
"2026/05/14","TSDEL","THREE","ZFW","2017/12/07","Y","TSDEL.TSDEL3","OKC"
"2026/05/14","WAYMN","ONE","ZFW","2014/07/24","Y","TSDEL.WAYMN1","OUN PWA TIK"
"2026/05/14","ALTTA","NINE","ZOA","2019/10/10","N","TTE.ALTTA9","FAT"
"2026/05/14","TTHOR","THREE","ZJX","2022/05/19","Y","TTHOR.TTHOR3","7FL6 DAB DED EVB LEE OMN ORL SFB X50"
"2026/05/14","TTYLR","FOUR","ZMA","2024/09/05","N","TTYLR.TTYLR4","06FA BCT F45 LNA PBI SUA"
"2026/05/14","TUDOR","TWO","ZOA","2012/02/09","N","TUDOR.TUDOR2","SMF"
"2026/05/14","TWOLF","FOUR","ZMP","2022/11/03","N","TWOLF.TWOLF4","ANE FCM LVN MIC OEO RNH STP"
"2026/05/14","MHOMS","THREE","ZKC","2023/08/10","Y","TYGER.MHOMS3","MCI"
"2026/05/14","TYGER","SEVEN","ZKC","2023/10/05","N","TYGER.TYGER7","FLV GPH IXD LXT MCI MKC OJC STJ"
"2026/05/14","TYNEE","FOUR","ZMA","2025/06/12","Y","TYNEE.TYNEE4","FMY RSW"
"2026/05/14","MARVELL","SIX","ZME","2016/11/10","N","UJM.UJM6","MEM"
"2026/05/14","BOWIE","EIGHT","ZFW","2024/07/11","N","UKW.UKW8","DFW"
"2026/05/14","VALRE","ONE","ZNY","2025/11/27","Y","VALRE.VALRE1","DXR HPN"
"2026/05/14","VANZE","THREE","ZME","2022/06/16","Y","VANZE.VANZE3","MEM"
"2026/05/14","VECKI","NINE","ZHN","2017/12/07","N","VECKI.VECKI9","KOA"
"2026/05/14","VEECK","FIVE","ZAU","2020/11/05","Y","VEECK.VEECK5","ORD"
"2026/05/14","VIICE","TWO","ZMA","2022/05/19","Y","VIICE.VIICE2","07FA HST MIA TMB X51"
"2026/05/14","VINTA","THREE","ZKC","2021/12/02","N","VINTA.VINTA3","RVS TUL"
"2026/05/14","VISTA","THREE","ZLA","2017/03/02","N","VISTA.VISTA3","LAX"
"2026/05/14","JOVEM","SIX","ZFW","2024/07/11","Y","VKTRY.JOVEM6","DFW"
"2026/05/14","VKTRY","TWO","ZFW","2016/05/26","Y","VKTRY.VKTRY2","DFW"
"2026/05/14","VUDOO","TWO","ZDC","2015/12/10","Y","VUDOO.VUDOO2","ADW"
"2026/05/14","VUUDU","ONE","ZMA","2022/05/19","Y","VUUDU.VUUDU1","06FA BCT F45 PBI SUA"
"2026/05/14","WAALK","TWO","ZNY","2021/10/07","Y","WAALK.WAALK2","BLM MJX N14 N87 NEL VAY WRI"
"2026/05/14","WINRZ","ONE","ZOA","2024/01/25","Y","WADOL.WINRZ1","RNO"
"2026/05/14","WAPPL","SEVEN","ZHU","2025/06/12","Y","WAPPL.WAPPL7","54T ARM AXH BYY EFD GLS HOU HPY IWS LBX LVJ SGR T00 T41 TME"
"2026/05/14","WATSN","FOUR","ZAU","2020/11/05","Y","WATSN.WATSN4","ORD"
"2026/05/14","WAYVE","ONE","ZLA","2016/11/10","Y","WAYVE.WAYVE1","LAX SMO"
"2026/05/14","WAZKO","ONE","ZAB","2014/04/03","Y","WAZKO.WAZKO1","ELP"
"2026/05/14","WEBGO","TWO","ZOA","2022/05/19","Y","WEBGO.WEBGO2","SUU"
"2026/05/14","WEESL","ONE","ZLA","2016/11/10","Y","WEESL.WEESL1","BUR VNY"
"2026/05/14","PIEGY","ONE","ZHU","2022/12/29","Y","WHAEL.PIEGY1","6R3 CXO DWH T78"
"2026/05/14","WHYTE","SEVEN","ZSE","2022/01/27","N","WHYTE.WHYTE7","TCM"
"2026/05/14","WILBR","ONE","ZFW","2025/11/27","N","WILBR.WILBR1","DFW"
"2026/05/14","WIPOR","FOUR","ZBW","2025/08/07","Y","WIPOR.WIPOR4","EWB OQU PVD PYM SFZ TAN UUU"
"2026/05/14","FEWGA","SEVEN","ZOB","2021/06/17","Y","WISKE.FEWGA7","PIT"
"2026/05/14","WITTI","FIVE","ZAN","2024/10/31","Y","WITTI.WITTI5","ANC"
"2026/05/14","WLDER","ONE","ZME","2022/03/24","N","WLDER.WLDER1","MEM"
"2026/05/14","POTRR","TWO","ZHU","2022/07/14","Y","WLEEE.POTRR2","3R9 EDC GTU HYI RYW T74"
"2026/05/14","WLEEE","SEVEN","ZHU","2022/07/14","Y","WLEEE.WLEEE7","AUS"
"2026/05/14","WLKRR","ONE","ZLC","2024/10/31","Y","WLKRR.WLKRR1","OGD"
"2026/05/14","AANET","ONE","ZOA","2015/03/05","Y","WNDSR.AANET1","OAK"
"2026/05/14","WNDSR","TWO","ZOA","2015/10/15","Y","WNDSR.WNDSR2","OAK"
"2026/05/14","FERRL","TWO","ZOB","2019/10/10","Y","WNGNT.FERRL2","DTW"
"2026/05/14","WNGNT","TWO","ZOB","2019/10/10","Y","WNGNT.WNGNT2","DTW"
"2026/05/14","GILCO","FIVE","ZHU","2019/10/10","N","WOLDE.GILCO5","IAH"
"2026/05/14","WORXS","TWO","ZTL","2019/04/25","Y","WORXS.WORXS2","GMU GSP GYH SPA"
"2026/05/14","WRGNZ","THREE","ZTL","2020/07/16","Y","WRGNZ.WRGNZ3","CNI D73 FTY LZU MGE PDK PUJ RYY VPC"
"2026/05/14","WUTNG","THREE","ZKC","2023/08/10","Y","WUTNG.WUTNG3","MCI"
"2026/05/14","WYNDE","THREE","ZAU","2025/08/07","Y","WYNDE.WYNDE3","ORD"
"2026/05/14","YAKUTAT","THREE","ZAN","2013/08/22","N","YAK.YAK3","YAK"
"2026/05/14","YAWNY","ONE","ZLC","2025/04/17","Y","YAWNY.YAWNY1","SUN"
"2026/05/14","EESAT","FOUR","ZFW","2023/04/20","Y","YEAGR.EESAT4","ADS F46 HQZ TKI"
"2026/05/14","LOADS","FOUR","ZFW","2023/04/20","Y","YEAGR.LOADS4","ADS F46 HQZ TKI"
"2026/05/14","YEAGR","FOUR","ZFW","2020/05/21","N","YEAGR.YEAGR4","ADS DAL DFW F46 HQZ TKI"
"2026/05/14","YESKA","SIX","ZAN","2015/10/15","N","YESKA.YESKA6","ANC"
"2026/05/14","YLSTN","THREE","ZLC","2018/09/13","Y","YLSTN.YLSTN3","BIL"
"2026/05/14","YOSEM","THREE","ZOA","2015/04/30","Y","YOSEM.YOSEM3","SFO"
"2026/05/14","BASTS","ONE","ZFW","2014/07/24","Y","YUCKS.BASTS1","OUN PWA TIK"
"2026/05/14","YUCKS","THREE","ZFW","2017/12/07","Y","YUCKS.YUCKS3","OKC"
"2026/05/14","YUTES","TWO","ZLC","2026/02/19","Y","YUTES.YUTES2","SLC"
"2026/05/14","GESNR","TWO","ZHU","2025/06/12","Y","ZEEKK.GESNR2","IAH"
"2026/05/14","ZEEKK","THREE","ZHU","2025/06/12","Y","ZEEKK.ZEEKK3","IAH"
"2026/05/14","ZELKA","TWO","ZBW","2017/12/07","Y","ZELKA.ZELKA2","BED BVY LWM"
"2026/05/14","ZIGGY","EIGHT","ZLA","2024/07/11","N","ZIGGY.ZIGGY8","AJO CNO EMT ONT POC RAL SBD"
"2026/05/14","ZOMBZ","SIX","ZDV","2025/04/17","Y","ZOMBZ.ZOMBZ6","APA CFO"
"2026/05/14","ZONNA","TWO","ZAB","2023/11/30","Y","ZONNA.ZONNA2","TUS"
"2026/05/14","ZOOMR","TWO","ZSE","2023/06/15","N","ZOOMR.ZOOMR2","GEG SFF SKA"
"2026/05/14","ZUUMA","FOUR","ZLA","2024/12/26","Y","ZUUMA.ZUUMA4","LAX SMO"
"2026/05/14","ZZIPS","ONE","ZOB","2018/05/24","Y","ZZIPS.ZZIPS1","1G3 AKR CAK"
